<?xml version="1.0" encoding="UTF-8"?>
<product>
	<name>IBM TPAE Integration Framework</name>
	<version>
		<major>7</major>
		<minor>5</minor>
		<modlevel>1</modlevel>
		<patch>0</patch>
		<build>20130829-1209</build>
	</version>
	<dbmaxvarname>MIFUPG</dbmaxvarname>
	<dbscripts>mif</dbscripts>	
	<dbversion>V7510-28</dbversion>	
	<checklicense>0</checklicense>
	<lastdbversion>V7510-01</lastdbversion>
    <extensions>
        <mboset objectname='OSLCRESOURCE'>com.ibm.tivoli.maximo.oslc.provider.app.OslcResourceSet</mboset>
        <mboset objectname='OSLCRESOURCEDETAIL'>com.ibm.tivoli.maximo.oslc.provider.app.OslcResourceDetailSet</mboset>
        <mboset objectname='OSOSLCMAP'>com.ibm.tivoli.maximo.oslc.provider.app.OsOslcMapSet</mboset>
        <mboset objectname='OSLCDOMAIN'>com.ibm.tivoli.maximo.oslc.provider.app.OslcDomainSet</mboset>
        <mboset objectname='OSLCNSPREFIX'>com.ibm.tivoli.maximo.oslc.provider.app.OslcNSPrefixSet</mboset>
        <field objectname='OSLCRESOURCE' attributename='INTOBJECTNAME'>com.ibm.tivoli.maximo.oslc.provider.app.FldIntegrationObject</field>
        <field objectname='OSLCRESOURCE' attributename='DOMAINNAME'>com.ibm.tivoli.maximo.oslc.provider.app.FldDomainName</field>
        <field objectname='OSLCRESOURCE' attributename='DFLTNSURI'>com.ibm.tivoli.maximo.oslc.provider.app.FldDefaultNamespace</field>
        <field objectname='OSLCRESOURCE' attributename='OSLCNSURI'>com.ibm.tivoli.maximo.oslc.provider.app.FldDefaultNamespace</field>
        <field objectname='OSLCRESOURCE' attributename='ETAGUPDATECOL'>com.ibm.tivoli.maximo.oslc.provider.app.FldOslcAttributeName</field>
        <field objectname='OSLCRESOURCE' attributename='OSLCSEARCHATTRS'>com.ibm.tivoli.maximo.oslc.provider.app.FldOslcAttributeName</field>
        <field objectname='OSLCRESOURCEDETAIL' attributename='OSLCPROPNS'>com.ibm.tivoli.maximo.oslc.provider.app.FldDefaultNamespace</field>
        <field objectname='OSLCRESOURCEDETAIL' attributename='OSLCPROPVALNS'>com.ibm.tivoli.maximo.oslc.provider.app.FldDefaultNamespace</field>
        <field objectname='OSLCRESOURCEDETAIL' attributename='LINKEDOSNAME'>com.ibm.tivoli.maximo.oslc.provider.app.FldLinkObjectStruture</field>
        <field objectname='OSLCRESOURCEDETAIL' attributename='TARGETRELATION'>com.ibm.tivoli.maximo.oslc.provider.app.FldLinkRelation</field>
        <field objectname='OSOSLCMAP' attributename='ATTRIBUTENAME'>com.ibm.tivoli.maximo.oslc.provider.app.FldOslcAttributeName</field>
        <field objectname='OSOSLCMAP' attributename='LINKOSNAME'>com.ibm.tivoli.maximo.oslc.provider.app.FldLinkObjectStruture</field>
        <field objectname='OSOSLCMAP' attributename='LINKRELATION'>com.ibm.tivoli.maximo.oslc.provider.app.FldLinkRelation</field>
        <field objectname='OSOSLCMAP' attributename='OSLCPROPNAME'>com.ibm.tivoli.maximo.oslc.provider.app.FldPropertyName</field>
        <field objectname='OSOSLCMAP' attributename='OSLCPROPNS'>com.ibm.tivoli.maximo.oslc.provider.app.FldPropertyNamespace</field>
        <field objectname='OSOSLCMAP' attributename='KEYMAP'>com.ibm.tivoli.maximo.oslc.provider.app.FldKeyMap</field>
        <field objectname='OSLCDOMAIN' attributename='NSURI'>com.ibm.tivoli.maximo.oslc.provider.app.FldDefaultNamespace</field>
    </extensions>
</product>
