<?xml version="1.0" encoding="UTF-8"?>
<product>
    <name>IBM Tivoli Asset Management for IT (Base)</name>
    <version>
        <major>7</major>
        <minor>5</minor>
        <modlevel>0</modlevel>
        <patch>5</patch>
        <build>$build$</build>
    </version>
	<checklicense>1</checklicense>
    <dbmaxvarname>TAMITBASE_UPG</dbmaxvarname>
    <dbscripts>tamitbase</dbscripts>
    <dbversion>V7505-00</dbversion>
    <lastdbversion>V7110-01*V7200-65*V7201-04*V7210-08*V7220-03*V7500-46*V7501-11*V7502-05*V7503-01*V7504-03</lastdbversion>
    <depends>a_itic</depends>
</product>
