<?xml version="1.0" encoding="UTF-8"?>
<product>
	<name>IBM Maximo Mobile</name>
	<version>
		<major>7</major>
		<minor>5</minor>
		<modlevel>1</modlevel>
		<patch>0</patch>
		<build>20130603-1027</build>
		<hotfixlevel>20140716-1426</hotfixlevel>
	</version>
	<dbmaxvarname>DBMOBILE</dbmaxvarname>
	<dbscripts>mobile</dbscripts>
	<dbversion>V7510-05</dbversion>
	<lastdbversion>V7110-24*V7500-07</lastdbversion>
	<hfdbmaxvarname>HFDBMOBILE</hfdbmaxvarname>
	<hfdbversion>HF7510-03</hfdbversion>
	<extensions>
		<class extends="psdi.app.site.FldOrganizationID">psdi.app.mobiledata.FldOrgId</class>
	</extensions>
</product>
