<?xml version="1.0" encoding="UTF-8" ?>
<product>
	<name>IBM Maximo Adapter for Primavera</name>
	<version>
		<major>7</major>
		<minor>5</minor>
		<modlevel>0</modlevel>
		<patch>0</patch>
		<build>20110418-1030</build>
	</version>
	<dbmaxvarname>DBPRIMAVERAADAPTER</dbmaxvarname>
	<dbscripts>primavera</dbscripts>
	<dbversion>V7500-05</dbversion>
	<lastdbversion>V7110-03*V7120-24*V7130-25</lastdbversion>
	<extensions>
		<mbo objectname='CALENDAR' extends='psdi.app.calendar.Calendar'>psdi.plusv.app.calendar.PlusVCalendar</mbo>
		<class extends='psdi.app.calendar.CalendarRemote'>psdi.plusv.app.calendar.PlusVCalendarRemote</class>
		<mboset objectname='CALENDAR' extends='psdi.app.calendar.CalendarSet'>psdi.plusv.app.calendar.PlusVCalendarSet</mboset>
		<class extends='psdi.app.calendar.CalendarSetRemote'>psdi.plusv.app.calendar.PlusVCalendarSetRemote</class>
		<mbo objectname='WORKPERIOD' extends='psdi.app.calendar.WorkPeriod'>psdi.plusv.app.calendar.PlusVWorkPeriod</mbo>
		<class extends='psdi.app.calendar.WorkPeriodRemote'>psdi.plusv.app.calendar.PlusVWorkPeriodRemote</class>
		<mboset objectname='WORKPERIOD' extends='psdi.app.calendar.WorkPeriodSet'>psdi.plusv.app.calendar.PlusVWorkPeriodSet</mboset>
		<class extends='psdi.app.calendar.WorkPeriodSetRemote'>psdi.plusv.app.calendar.PlusVWorkPeriodSetRemote</class>
		<mbo objectname='CRAFT' extends='psdi.app.craft.Craft'>psdi.plusv.app.craft.PlusVCraft</mbo>
		<mbo objectname='CRAFTRATE' extends='psdi.app.craft.CraftRate'>psdi.plusv.app.craft.PlusVCraftRate</mbo>
		<class extends='psdi.app.craft.CraftRateRemote'>psdi.plusv.app.craft.PlusVCraftRateRemote</class>
		<mboset objectname='CRAFTRATE' extends='psdi.app.craft.CraftRateSet'>psdi.plusv.app.craft.PlusVCraftRateSet</mboset>
		<class extends='psdi.app.craft.CraftRateSetRemote'>psdi.plusv.app.craft.PlusVCraftRateSetRemote</class>
		<class extends='psdi.app.craft.CraftRemote'>psdi.plusv.app.craft.PlusVCraftRemote</class>
		<mboset objectname='CRAFT' extends='psdi.app.craft.CraftSet'>psdi.plusv.app.craft.PlusVCraftSet</mboset>
		<class extends='psdi.app.craft.CraftSetRemote'>psdi.plusv.app.craft.PlusVCraftSetRemote</class>
		<mbo objectname='TOOLITEM' extends='psdi.app.item.ToolItem'>psdi.plusv.app.item.PlusVToolItem</mbo>
		<class extends='psdi.app.item.ToolItemRemote'>psdi.plusv.app.item.PlusVToolItemRemote</class>
		<mboset objectname='TOOLITEM' extends='psdi.app.item.ToolItemSet'>psdi.plusv.app.item.PlusVToolItemSet</mboset>
		<class extends='psdi.app.item.ToolItemSetRemote'>psdi.plusv.app.item.PlusVToolItemSetRemote</class>
		<field objectname='JOBPLAN' attributename='ORGID' extends='psdi.app.jobplan.FldJobPlanOrgId'>psdi.plusv.app.jobplan.PlusVFldJobPlanOrgId</field>
		<field objectname='JOBPLAN' attributename='SITEID' extends='psdi.app.jobplan.FldJobPlanSiteId'>psdi.plusv.app.jobplan.PlusVFldJobPlanSiteId</field>
		<field objectname='JOBTASK' attributename='ORGID' extends='psdi.app.jobplan.FldJobTaskOrgId'>psdi.plusv.app.jobplan.PlusVFldJobTaskOrgId</field>
		<field objectname='JOBTASK' attributename='SITEID' extends='psdi.app.jobplan.FldJobTaskSiteId'>psdi.plusv.app.jobplan.PlusVFldJobTaskSiteId</field>
		<mbo objectname='JOBPLAN' extends='psdi.app.jobplan.JobPlan'>psdi.plusv.app.jobplan.PlusVJobPlan</mbo>
		<class extends='psdi.app.jobplan.JobPlanRemote'>psdi.plusv.app.jobplan.PlusVJobPlanRemote</class>
		<mboset objectname='JOBPLAN' extends='psdi.app.jobplan.JobPlanSet'>psdi.plusv.app.jobplan.PlusVJobPlanSet</mboset>
		<class extends='psdi.app.jobplan.JobPlanSetRemote'>psdi.plusv.app.jobplan.PlusVJobPlanSetRemote</class>
		<mbo objectname='JOBTASK' extends='psdi.app.jobplan.JobTask'>psdi.plusv.app.jobplan.PlusVJobTask</mbo>
		<class extends='psdi.app.jobplan.JobTaskRemote'>psdi.plusv.app.jobplan.PlusVJobTaskRemote</class>
		<mboset objectname='JOBTASK' extends='psdi.app.jobplan.JobTaskSet'>psdi.plusv.app.jobplan.PlusVJobTaskSet</mboset>
		<class extends='psdi.app.jobplan.JobTaskSetRemote'>psdi.plusv.app.jobplan.PlusVJobTaskSetRemote</class>
		<mbo objectname='LABOR' extends='psdi.app.labor.Labor'>psdi.plusv.app.labor.PlusVLabor</mbo>
		<mbo objectname='LABORCRAFTRATE' extends='psdi.app.labor.LaborCraftRate'>psdi.plusv.app.labor.PlusVLaborCraftRate</mbo>
		<class extends='psdi.app.labor.LaborCraftRateRemote'>psdi.plusv.app.labor.PlusVLaborCraftRateRemote</class>
		<mboset objectname='LABORCRAFTRATE' extends='psdi.app.labor.LaborCraftRateSet'>psdi.plusv.app.labor.PlusVLaborCraftRateSet</mboset>
		<class extends='psdi.app.labor.LaborCraftRateSetRemote'>psdi.plusv.app.labor.PlusVLaborCraftRateSetRemote</class>
		<class extends='psdi.app.labor.LaborRemote'>psdi.plusv.app.labor.PlusVLaborRemote</class>
		<mboset objectname='LABOR' extends='psdi.app.labor.LaborSet'>psdi.plusv.app.labor.PlusVLaborSet</mboset>
		<class extends='psdi.app.labor.LaborSetRemote'>psdi.plusv.app.labor.PlusVLaborSetRemote</class>
		<mbo objectname='LABTRANS' extends='psdi.app.labor.LabTrans'>psdi.plusv.app.labor.PlusVLabTrans</mbo>
		<class extends='psdi.app.labor.LabTransRemote'>psdi.plusv.app.labor.PlusVLabTransRemote</class>
		<mboset objectname='LABTRANS' extends='psdi.app.labor.LabTransSet'>psdi.plusv.app.labor.PlusVLabTransSet</mboset>
		<class extends='psdi.app.labor.LabTransSetRemote'>psdi.plusv.app.labor.PlusVLabTransSetRemote</class>
		<mbo objectname='SERVRECTRANS' extends='psdi.app.labor.ServRecTrans'>psdi.plusv.app.labor.PlusVServRecTrans</mbo>
		<class extends='psdi.app.labor.ServRecTransRemote'>psdi.plusv.app.labor.PlusVServRecTransRemote</class>
		<mboset objectname='SERVRECTRANS' extends='psdi.app.labor.ServRecTransSet'>psdi.plusv.app.labor.PlusVServRecTransSet</mboset>
		<class extends='psdi.app.labor.ServRecTransSetRemote'>psdi.plusv.app.labor.PlusVServRecTransSetRemote</class>
		<mbo objectname='LOCATIONS' extends='psdi.app.location.Location'>psdi.plusv.app.location.PlusVLocation</mbo>
		<class extends='psdi.app.location.LocationRemote'>psdi.plusv.app.location.PlusVLocationRemote</class>
		<mboset objectname='LOCATIONS' extends='psdi.app.location.LocationSet'>psdi.plusv.app.location.PlusVLocationSet</mboset>
		<class extends='psdi.app.location.LocationSetRemote'>psdi.plusv.app.location.PlusVLocationSetRemote</class>
		<mbo objectname='PERSON' extends='psdi.app.person.Person'>psdi.plusv.app.person.PlusVPerson</mbo>
		<class extends='psdi.app.person.PersonRemote'>psdi.plusv.app.person.PlusVPersonRemote</class>
		<mboset objectname='PERSON' extends='psdi.app.person.PersonSet'>psdi.plusv.app.person.PlusVPersonSet</mboset>
		<class extends='psdi.app.person.PersonSetRemote'>psdi.plusv.app.person.PlusVPersonSetRemote</class>
		<mbo objectname='PM' extends='psdi.app.pm.PM'>psdi.plusv.app.pm.PlusVPM</mbo>
		<class extends='psdi.app.pm.PMRemote'>psdi.plusv.app.pm.PlusVPMRemote</class>
		<mboset objectname='PM' extends='psdi.app.pm.PMSet'>psdi.plusv.app.pm.PlusVPMSet</mboset>
		<class extends='psdi.app.pm.PMSetRemote'>psdi.plusv.app.pm.PlusVPMSetRemote</class>
		<mbo objectname='WOGENFORECAST' extends='psdi.app.pm.virtual.WogenForecast'>psdi.plusv.app.pm.virtual.PlusVWogenForecast</mbo>
		<mboset objectname='WOGENFORECAST' extends='psdi.app.pm.virtual.WogenForecastSet'>psdi.plusv.app.pm.virtual.PlusVWogenForecastSet</mboset>
		<class extends='psdi.app.pm.virtual.WogenForecastSetRemote'>psdi.plusv.app.pm.virtual.PlusVWogenForecastSetRemote</class>
		<mbo objectname='POLINE' extends='psdi.app.po.POLine'>psdi.plusv.app.po.PlusVPOLine</mbo>
		<class extends='psdi.app.po.POLineRemote'>psdi.plusv.app.po.PlusVPOLineRemote</class>
		<mboset objectname='POLINE' extends='psdi.app.po.POLineSet'>psdi.plusv.app.po.PlusVPOLineSet</mboset>
		<class extends='psdi.app.po.POLineSetRemote'>psdi.plusv.app.po.PlusVPOLineSetRemote</class>
		<mbo objectname='PRLINE' extends='psdi.app.pr.PRLine'>psdi.plusv.app.pr.PlusVPRLine</mbo>
		<class extends='psdi.app.pr.PRLineRemote'>psdi.plusv.app.pr.PlusVPRLineRemote</class>
		<mboset objectname='PRLINE' extends='psdi.app.pr.PRLineSet'>psdi.plusv.app.pr.PlusVPRLineSet</mboset>
		<class extends='psdi.app.pr.PRLineSetRemote'>psdi.plusv.app.pr.PlusVPRLineSetRemote</class>
		<class extends='psdi.util.MXCipherX'>psdi.plusv.app.primavera.PlusVCipher</class>
		<mbo objectname='ORGANIZATION' extends='psdi.app.site.Organization'>psdi.plusv.app.site.PlusVOrganization</mbo>
		<class extends='psdi.app.site.OrganizationRemote'>psdi.plusv.app.site.PlusVOrganizationRemote</class>
		<mboset objectname='ORGANIZATION' extends='psdi.app.site.OrganizationSet'>psdi.plusv.app.site.PlusVOrganizationSet</mboset>
		<class extends='psdi.app.site.OrganizationSetRemote'>psdi.plusv.app.site.PlusVOrganizationSetRemote</class>
		<mbo objectname='SITE' extends='psdi.app.site.Site'>psdi.plusv.app.site.PlusVSite</mbo>
		<class extends='psdi.app.site.SiteRemote'>psdi.plusv.app.site.PlusVSiteRemote</class>
		<mboset objectname='SITE' extends='psdi.app.site.SiteSet'>psdi.plusv.app.site.PlusVSiteSet</mboset>
		<class extends='psdi.app.site.SiteSetRemote'>psdi.plusv.app.site.PlusVSiteSetRemote</class>
		<mbo objectname='TOOLTRANS' extends='psdi.app.tool.ToolTrans'>psdi.plusv.app.tool.PlusVToolTrans</mbo>
		<class extends='psdi.app.tool.ToolTransRemote'>psdi.plusv.app.tool.PlusVToolTransRemote</class>
		<mboset objectname='TOOLTRANS' extends='psdi.app.tool.ToolTransSet'>psdi.plusv.app.tool.PlusVToolTransSet</mboset>
		<class extends='psdi.app.tool.ToolTransSetRemote'>psdi.plusv.app.tool.PlusVToolTransSetRemote</class>
		<mbo objectname='WORKORDER' extends='psdi.app.workorder.WO'>psdi.plusv.app.workorder.PlusVWO</mbo>
		<mbo objectname='WOACTIVITY' extends='psdi.app.workorder.WOActivity'>psdi.plusv.app.workorder.PlusVWOActivity</mbo>
		<class extends='psdi.app.workorder.WOActivityRemote'>psdi.plusv.app.workorder.PlusVWOActivityRemote</class>
		<mboset objectname='WOACTIVITY' extends='psdi.app.workorder.WOActivitySet'>psdi.plusv.app.workorder.PlusVWOActivitySet</mboset>
		<class extends='psdi.app.workorder.WOActivitySetRemote'>psdi.plusv.app.workorder.PlusVWOActivitySetRemote</class>
		<class extends='psdi.app.workorder.WORemote'>psdi.plusv.app.workorder.PlusVWORemote</class>
		<mboset objectname='WORKORDER' extends='psdi.app.workorder.WOSet'>psdi.plusv.app.workorder.PlusVWOSet</mboset>
		<class extends='psdi.app.workorder.WOSetRemote'>psdi.plusv.app.workorder.PlusVWOSetRemote</class>
		<mbo objectname='WPLABOR' extends='psdi.app.workorder.WPLabor'>psdi.plusv.app.workorder.PlusVWPLabor</mbo>
		<class extends='psdi.app.workorder.WPLaborRemote'>psdi.plusv.app.workorder.PlusVWPLaborRemote</class>
		<mboset objectname='WPLABOR' extends='psdi.app.workorder.WPLaborSet'>psdi.plusv.app.workorder.PlusVWPLaborSet</mboset>
		<class extends='psdi.app.workorder.WPLaborSetRemote'>psdi.plusv.app.workorder.PlusVWPLaborSetRemote</class>
		<mbo objectname='WPSERVICE' extends='psdi.app.workorder.WPService'>psdi.plusv.app.workorder.PlusVWPService</mbo>
		<class extends='psdi.app.workorder.WPServiceRemote'>psdi.plusv.app.workorder.PlusVWPServiceRemote</class>
		<mboset objectname='WPSERVICE' extends='psdi.app.workorder.WPServiceSet'>psdi.plusv.app.workorder.PlusVWPServiceSet</mboset>
		<class extends='psdi.app.workorder.WPServiceSetRemote'>psdi.plusv.app.workorder.PlusVWPServiceSetRemote</class>
		<mbo objectname='WPTOOL' extends='psdi.app.workorder.WPTool'>psdi.plusv.app.workorder.PlusVWPTool</mbo>
		<class extends='psdi.app.workorder.WPToolRemote'>psdi.plusv.app.workorder.PlusVWPToolRemote</class>
		<mboset objectname='WPTOOL' extends='psdi.app.workorder.WPToolSet'>psdi.plusv.app.workorder.PlusVWPToolSet</mboset>
		<class extends='psdi.app.workorder.WPToolSetRemote'>psdi.plusv.app.workorder.PlusVWPToolSetRemote</class>
	</extensions>
</product>
