<?xml version="1.0" encoding="UTF-8"?>
<product>
	<name>IBM Maximo Asset Management Scheduler</name>
	<version>
		<major>7</major>
		<minor>5</minor>
		<modlevel>2</modlevel>
		<patch>0</patch>
		<build>20130903-1504</build>
	</version>
	<dbmaxvarname>SKDUPG</dbmaxvarname>
	<dbscripts>scheduler</dbscripts>	
	<dbversion>V7520-151</dbversion>	
	<checklicense>1</checklicense>
	<lastdbversion>V7100-68*V7110-33*V7500-19*V7501-03*V7510-124</lastdbversion>
	<hfdbmaxvarname>HFSKDUPG</hfdbmaxvarname>
	<hfdbversion>HF7520-13</hfdbversion>
</product>
