<?xml version="1.0" encoding="UTF-8" ?>
<product>
	<name>IBM MAXIMO FIC</name>
	<version>
		<major>2</major>
		<minor>0</minor>
		<modlevel>0</modlevel>
		<patch>1</patch>
		<build>FIC - 5.1.0b17 Build #${buildNumber} (20151007-1405)</build>
	</version>
	<dbmaxvarname>DBMAXIMOFIC</dbmaxvarname>
	<dbscripts>petro</dbscripts>
	<dbversion>V2000-02</dbversion>
	<lastdbversion>V2000-00</lastdbversion>
	<extensions>
		<mbo objectname='JOBPLAN' extends='psdi.app.jobplan.JobPlan'> petro.fic.app.jobplan.FICJobPlan</mbo>
		<class extends='psdi.app.jobplan.JobPlanRemote'>petro.fic.app.jobplan.FICJobPlanRemote</class>
		<mboset objectname='JOBPLAN' extends='psdi.app.jobplan.JobPlanSet'>petro.fic.app.jobplan.FICJobPlanSet</mboset>
		<class extends='psdi.app.jobplan.JobPlanSetRemote'>petro.fic.app.jobplan.FICJobPlanSetRemote</class>
		<mbo objectname='ASSET' extends='psdi.app.asset.Asset'> petro.fic.app.asset.FICAsset</mbo>
		<class extends='psdi.app.asset.AssetRemote'>petro.fic.app.asset.FICAssetRemote</class>
		<mboset objectname='ASSET' extends='psdi.app.asset.AssetSet'>petro.fic.app.asset.FICAssetSet</mboset>
		<class extends='psdi.app.asset.AssetSetRemote'>petro.fic.app.asset.FICAssetSetRemote</class>
		<mbo objectname='MAXGROUP' extends='psdi.app.signature.MaxGroup'> petro.fic.app.signature.FICMaxGroup</mbo>
		<class extends='psdi.app.signature.MaxGroupRemote'>petro.fic.app.signature.FICMaxGroupRemote</class>
		<mboset objectname='MAXGROUP' extends='psdi.app.signature.MaxGroupSet'>petro.fic.app.signature.FICMaxGroupSet</mboset>
		<class extends='psdi.app.signature.MaxGroupSetRemote'>petro.fic.app.signature.FICMaxGroupSetRemote</class>
		<mbo objectname='CLASSSPEC' extends='psdi.app.assetcatalog.ClassSpec'> petro.fic.app.assetcatalog.FICClassSpec</mbo>
		<class extends='psdi.app.assetcatalog.ClassSpecRemote'>petro.fic.app.assetcatalog.FICClassSpecRemote</class>
		<mboset objectname='CLASSSPEC' extends='psdi.app.assetcatalog.ClassSpecSet'>petro.fic.app.assetcatalog.FICClassSpecSet</mboset>
		<class extends='psdi.app.assetcatalog.ClassSpecSetRemote'>petro.fic.app.assetcatalog.FICClassSpecSetRemote</class>
        <mbo objectname='LOCATIONS' extends='psdi.app.location.Location'> petro.fic.app.location.FICLocation</mbo>
		<class extends='psdi.app.location.LocationRemote'>petro.fic.app.location.FICLocationRemote</class>
		<mboset objectname='LOCATIONS' extends='psdi.app.location.LocationSet'>petro.fic.app.location.FICLocationSet</mboset>
		<class extends='psdi.app.location.LocationSetRemote'>petro.fic.app.location.FICLocationSetRemote</class>
		<mbo objectname='PERSON' extends='psdi.app.person.Person'> petro.fic.app.person.FICPerson</mbo>
		<class extends='psdi.app.person.PersonRemote'>petro.fic.app.person.FICPersonRemote</class>
		<mboset objectname='PERSON' extends='psdi.app.person.PersonSet'>petro.fic.app.person.FICPersonSet</mboset>
		<class extends='psdi.app.person.PersonSetRemote'>petro.fic.app.person.FICPersonSetRemote</class>
        <mbo objectname='MAXUSER' extends='psdi.app.signature.MaxUser'> petro.fic.app.signature.FICMaxUser</mbo>
		<class extends='psdi.app.signature.MaxUserRemote'>petro.fic.app.signature.FICMaxUserRemote</class>
        <mboset objectname='MAXUSER' extends='psdi.app.signature.MaxUserSet'>petro.fic.app.signature.FICMaxUserSet</mboset>
		<class extends='psdi.app.signature.MaxUserSetRemote'>petro.fic.app.signature.FICMaxUserSetRemote</class>
        <mbo objectname='WOACTIVITY' extends='psdi.app.workorder.WOActivity'> petro.fic.app.wo.FICWOActivity</mbo>
		<class extends='psdi.app.workorder.WOActivityRemote'>petro.fic.app.wo.FICWOActivityRemote</class>
        <mboset objectname='WOACTIVITY' extends='psdi.app.workorder.WOActivitySet'>petro.fic.app.wo.FICWOActivitySet</mboset>
		<class extends='psdi.app.workorder.WOActivitySetRemote'>petro.fic.app.wo.FICWOActivitySetRemote</class>
        <mbo objectname='LOCATIONSPEC' extends='psdi.app.location.LocationSpec'> petro.fic.app.location.FICLocationSpec</mbo>
		<class extends='psdi.app.location.LocationSpecRemote'>petro.fic.app.location.FICLocationSpecRemote</class>
        <mboset objectname='LOCATIONSPEC' extends='psdi.app.location.LocationSpecSet'>petro.fic.app.location.FICLocationSpecSet</mboset>
		<class extends='psdi.app.location.LocationSpecSetRemote'>petro.fic.app.location.FICLocationSpecSetRemote</class>
        <mbo objectname='CONTRACTTERM' extends='psdi.app.contract.ContractTerm'> petro.fic.app.contract.FICContractTerm</mbo>
		<class extends='psdi.app.contract.ContractTermRemote'>petro.fic.app.contract.FICContractTermRemote</class>
        <mboset objectname='CONTRACTTERM' extends='psdi.app.contract.ContractTermSet'>petro.fic.app.contract.FICContractTermSet</mboset>
		<class extends='psdi.app.contract.ContractTermSetRemote'>petro.fic.app.contract.FICContractTermSetRemote</class>
		<mbo objectname='WARRANTYASSET' extends='psdi.app.contract.warranty.WarrantyAsset'>petro.fic.app.contract.warranty.FICWarrantyAsset</mbo>
		<class extends='psdi.app.contract.warranty.WarrantyAssetRemote'>petro.fic.app.contract.warranty.FICWarrantyAssetRemote</class>
        <mboset objectname='WARRANTYASSET' extends='psdi.app.contract.warranty.WarrantyAssetSet'>petro.fic.app.contract.warranty.FICWarrantyAssetSet</mboset>
		<class extends='psdi.app.contract.warranty.WarrantyAssetSetRemote'>petro.fic.app.contract.warranty.FICWarrantyAssetSetRemote</class>
        <mboset objectname='WARRANTYVIEW' extends='psdi.app.contract.warranty.WarrantyViewSet'>petro.fic.app.contract.warranty.FICWarrantyViewSet</mboset>
		<class extends='psdi.app.contract.warranty.WarrantyViewSetRemote'>petro.fic.app.contract.warranty.FICWarrantyViewSetRemote</class>
		<mbo objectname='WORKORDER' extends='psdi.app.workorder.WO'>petro.fic.app.wo.FICWO</mbo> 
        <class extends='psdi.app.workorder.WORemote'>petro.fic.app.wo.FICWORemote</class> 
        <mboset objectname='WORKORDER' extends='psdi.app.workorder.WOSet'>petro.fic.app.wo.FICWOSet</mboset> 
        <class extends='psdi.app.workorder.WOSetRemote'>petro.fic.app.wo.FICWOSetRemote</class> 
		<mbo objectname='WOTASKRELATION' extends='psdi.app.workorder.WOTaskRelation'>petro.fic.app.wo.FICWOTaskRelation</mbo> 
        <class extends='psdi.app.workorder.WOTaskRelationRemote'>petro.fic.app.wo.FICWOTaskRelationRemote</class> 
		<mboset objectname='WOTASKRELATION' extends='psdi.app.workorder.WOTaskRelationSet'>petro.fic.app.wo.FICWOTaskRelationSet</mboset> 
        <class extends='psdi.app.workorder.WOTaskRelationSetRemote'>petro.fic.app.wo.FICWOTaskRelationSetRemote</class> 
		<mbo objectname='PM' extends='psdi.app.pm.PM'>petro.fic.app.pm.FICPM</mbo> 
        <class extends='psdi.app.pm.PMRemote'>petro.fic.app.pm.FICPMRemote</class> 
		<mboset objectname='PM' extends='psdi.app.pm.PMSet'>petro.fic.app.pm.FICPMSet</mboset> 
        <class extends='psdi.app.pm.PMSetRemote'>petro.fic.app.pm.FICPMSetRemote</class> 
		<mbo objectname='RELATEDRECORD' extends='psdi.app.ticket.RelatedRecord'>petro.fic.app.ticket.FICRelatedRecord</mbo> 
        <class extends='psdi.app.ticket.RelatedRecordRemote'>petro.fic.app.ticket.FICRelatedRecordRemote</class> 
		<mboset objectname='RELATEDRECORD' extends='psdi.app.ticket.RelatedRecordSet'>petro.fic.app.ticket.FICRelatedRecordSet</mboset> 
        <class extends='psdi.app.ticket.RelatedRecordSetRemote'>petro.fic.app.ticket.FICRelatedRecordSetRemote</class> 
		<mboset objectname='RELATEDRECORD' extends='psdi.app.ticket.RelatedRecordSet'>petro.fic.app.ticket.FICRelatedRecordSet</mboset> 
        <class extends='psdi.app.ticket.RelatedRecordSetRemote'>petro.fic.app.ticket.FICRelatedRecordSetRemote</class> 
		<mboset objectname='WOOWNERHISTORY' extends='psdi.app.workorder.OwnerHistorySet'>petro.fic.app.wo.FICOwnerHistorySet</mboset> 
        <class extends='psdi.app.workorder.OwnerHistorySetRemote'>petro.fic.app.wo.FICOwnerHistorySetRemote</class> 
		<mboset objectname='LOCHIERARCHY' extends='psdi.app.location.LocHierarchySet'>petro.fic.app.location.FICLocHierarchySet</mboset>
		<class extends='psdi.app.location.LocHierarchySetRemote'>petro.fic.app.location.FICLocHierarchySetRemote</class>
		<mboset objectname='TKTEMPLATE' extends='psdi.app.ticket.TKTemplateSet'>petro.fic.app.ticket.FICTKTemplateSet</mboset> 
        <class extends='psdi.app.ticket.TKTemplateSetRemote'>petro.fic.app.ticket.FICTKTemplateSetRemote</class> 
		<mboset objectname='TKTEMPLATE' extends='psdi.app.ticket.TKTemplateSet'>petro.fic.app.ticket.FICTKTemplateSet</mboset> 
        <class extends='psdi.app.ticket.TKTemplateSetRemote'>petro.fic.app.ticket.FICTKTemplateSetRemote</class> 
		<mboset objectname='TKOWNERHISTORY' extends='psdi.app.ticket.OwnerHistorySet'>petro.fic.app.ticket.FICOwnerHistorySet</mboset> 
        <class extends='psdi.app.ticket.OwnerHistorySetRemote'>petro.fic.app.ticket.FICOwnerHistorySetRemote</class> 
		<mboset objectname='CLASSSPECUSEWITH' extends='psdi.app.assetcatalog.ClassSpecUseWithSet'>petro.fic.app.assetcatalog.FICClassSpecUseWithSet</mboset> 
        <class extends='psdi.app.assetcatalog.ClassSpecUseWithSetRemote'>petro.fic.app.assetcatalog.FICClassSpecUseWithSetRemote</class> 
		<mboset objectname='SR' extends='psdi.app.ticket.SRSet'>petro.fic.app.ticket.FICSRSet</mboset> 
        <class extends='psdi.app.ticket.SRSetRemote'>petro.fic.app.ticket.FICSRSetRemote</class> 

		<mboset objectname='CLASSSTRUCTURE' extends='psdi.app.assetcatalog.ClassStructureSet'>petro.fic.app.assetcatalog.FICClassStructureSet</mboset>        
		<mboset objectname='WOCHANGESTATUS' extends='psdi.app.workorder.virtual.WOChangeStatusSet'>petro.fic.app.workorder.virtual.FICWOChangeStatusSet</mboset>
		<mboset objectname='TEMPLATESTATUS' extends='psdi.app.ticket.TemplateStatusSet'>petro.fic.app.ticket.FICTKTemplateStatusSet</mboset>

        <service servicename='SIGNATURE'>petro.fic.app.signature.FICSignatureService</service>
	    <class extends='psdi.app.signature.SignatureServiceRemote'>petro.fic.app.signature.FICSignatureServiceRemote</class>
        <service servicename='SECURITY'>petro.fic.security.FICSecurityService</service>
	    <class extends='psdi.security.SecurityServiceRemote'>petro.fic.security.FICSecurityServiceRemote</class>
						
		<field objectname='LOCATIONS' attributename='CLASSSTRUCTUREID' extends='psdi.app.location.FldLocationClassStructureid'>petro.fic.app.location.FldFICLocationClassStructureid</field>
		<field objectname='MAXUSER' attributename='USERID' extends='psdi.app.signature.FldMaxUserUserID'>petro.fic.app.signature.FICFldMaxUserUserID</field>
		<field objectname='MAXUSER' attributename='PASSWORDINPUT' extends='psdi.app.signature.FldPassword'>petro.fic.app.signature.FICFldPassword</field>
		<field objectname='ASSET' attributename='NEWLOCATION' extends='psdi.app.asset.FldAssetMoveModifyNewLocation'>petro.fic.app.asset.FICFldAssetMoveModifyNewLocation</field>
        <field objectname='WORKORDER' attributename='LOCATION' extends='psdi.app.workorder.FldWOLoc'>petro.fic.app.wo.FldFICWOLocation</field>
        <field objectname='CONTRACT' attributename='CONTRACTNUM' extends='psdi.mbo.MboValueAdapter'>petro.fic.app.contract.FICFldCopyContract</field>
        <field objectname='JOBPLAN' attributename='CLASSSTRUCTUREID' extends='psdi.app.assetcatalog.FldCommonClassStructureid'>petro.fic.app.assetcatalog.FICFldCommonClassStructureid</field>        
        <field objectname='JOBTASK' attributename='CLASSSTRUCTUREID' extends='psdi.app.assetcatalog.FldCommonClassStructureid'>petro.fic.app.assetcatalog.FICFldCommonClassStructureid</field>
		<field objectname='LOCHIERARCHY' attributename='SYSTEMID' extends='psdi.app.location.FldLocHierarchySystemId'>petro.fic.app.location.FICFldLocHierarchySystemId</field>
		<field objectname='MAXUSER' attributename='PASSWORDOLD' extends='psdi.mbo.MboValueAdapter'>petro.fic.app.signature.FICFldPasswordOld</field>
		<field objectname='PM' attributename='STATUS' extends='psdi.mbo.MboValueAdapter'>petro.fic.app.pm.FldFICPMStatus</field>
		<field objectname='WARRANTYVIEW' attributename='CONTRACTNUM' extends='psdi.mbo.MboValueAdapter'>petro.fic.app.contract.FICFldCopyContract</field>
		<field objectname='WARRANTYASSET' attributename='LOCATION' extends='psdi.app.contract.warranty.FldWarrantyAssetLocation'>petro.fic.app.contract.warranty.FICFldWarrantyAssetLocation</field>
		<field objectname='TKTEMPLATE' attributename='CLASSSTRUCTUREID' extends='psdi.app.assetcatalog.FldCommonClassStructureid'>petro.fic.app.assetcatalog.FICFldCommonClassStructureid</field>
		<field objectname='TKCHANGESTATUS' attributename='STATUS' extends='psdi.app.common.FldChangeStatus'>petro.fic.app.ticket.FICFldChangeStatus</field>
		
	</extensions>
</product>
