<?xml version='1.0' encoding='UTF-8'?>
<deployment-plan xmlns="http://xmlns.oracle.com/weblogic/deployment-plan" xmlns:xsi="http://www.w3.org/2001/XMLSchema-instance" xsi:schemaLocation="http://xmlns.oracle.com/weblogic/deployment-plan http://xmlns.oracle.com/weblogic/deployment-plan/1.0/deployment-plan.xsd" global-variables="false">
  <application-name>doclinks</application-name>
  <variable-definition>
    <variable>
      <name>ContainerDescriptor_indexDirectoryEnabled_14349854971230</name>
      <value>false</value>
    </variable>
  </variable-definition>
  <module-override>
    <module-name>doclinks</module-name>
    <module-type>war</module-type>
    <module-descriptor external="true">
      <root-element>weblogic-web-app</root-element>
      <uri>WEB-INF/weblogic.xml</uri>
      <variable-assignment>
        <name>ContainerDescriptor_indexDirectoryEnabled_14349854971230</name>
        <xpath>/weblogic-web-app/container-descriptor/index-directory-enabled</xpath>
      </variable-assignment>
      <hash-code>1434985499642</hash-code>
    </module-descriptor>
    <module-descriptor external="false">
      <root-element>web-app</root-element>
      <uri>WEB-INF/web.xml</uri>
    </module-descriptor>
    <module-descriptor external="true">
      <root-element>wldf-resource</root-element>
      <uri>META-INF/weblogic-diagnostics.xml</uri>
    </module-descriptor>
  </module-override>
  <config-root>/ebusiness/shared/home/DevInt470_WLSv103/applications/fic/plan</config-root>
</deployment-plan>
