<?xml version="1.0" encoding="UTF-8"?>
<!--
* Licensed Materials - Property of IBM
* Restricted Materials of IBM
* 5724-U18
* (C) COPYRIGHT IBM CORP. 2006,2012 All Rights Reserved.
* US Government Users Restricted Rights - Use, duplication or
* disclosure restricted by GSA ADP Schedule Contract with
* IBM Corp.
-->
<component-registry basedir="webclient\components" package="psdi.webclient.system" xmlns:xsi="http://www.w3.org/2001/XMLSchema-instance" xsi:noNamespaceSchemaLocation='component-registry.xsd'>

	<component-descriptor name="asttopo">
		<property-list>
			<property name="jsp-filename">
				<default-value>asttopo</default-value>
			</property>
			<property name="id">
				<flag name="final" />
			</property>
			<property name="datasrc">
				<flag name="global" />
			</property>
			<property name="archive" />
			<property name="label">
				<flag name="translatable" />
			</property>
			<property name="actiondatasrc" />
			<property name="width" />
			<property name="height" />
			<property name="classid" />
			<property name="codebase" />
			<property name="assetlocrelation" />
			<property name="tabgroupid" />
			<property name="tabid" />
			<property name="nodepopuptarget" />
			<property name="linkpopuptarget" />
			<property name="movetopopuptarget" />
			<property name="appname" />
			<property name="code" />
			<property name="dataattribute" />
			<property name="display">
				<flag name="global" />
				<default-value>true</default-value>
			</property>
			<property name="defaultrender">
				<default-value>false</default-value>
			</property>
			<property name="textcss" />
		</property-list>
	</component-descriptor>

	<component-descriptor name="blankline">            
		<property-list>
			<property name="jsp-filename">
				<default-value>blankline</default-value>
			</property>
			<property name="cssclass" />
			<property name="defaultrender">
				<default-value>true</default-value>
			</property>
			<property name="id">
				<flag name="final" />
			</property>
			<property name="alwaysinclude">
				<default-value>false</default-value>
			</property>
			<property name="hidewhen" />
			<property name="textcss" />
			<property name="width" />
			<property name="visible">
				<default-value>true</default-value>
			</property>
		</property-list>
	</component-descriptor>

	<component-descriptor name="bulletincount">
		<property-list>
			<property name="jsp-filename">
				<default-value>bulletincount</default-value>
			</property>
			<property name="count" />
			<property name="defaultrender">
				<default-value>true</default-value>
			</property>
			<property name="id">
				<flag name="final" />
			</property>
			<property name="alwaysinclude">
				<default-value>false</default-value>
			</property>
		</property-list>
	</component-descriptor>

	<component-descriptor name="buttongroup" instance-class="psdi.webclient.components.ButtonGroup">
		<property-list>
			<property name="jsp-filename">
				<default-value>buttongroup</default-value>
			</property>
			<property name="align">
				<default-value>right</default-value>
			</property>
			<property name="labelalign" />
			<property name="label" />
			<property name="alwaysinclude">
				<default-value>true</default-value>
			</property>
			<property name="buttonsenabled" />
			<property name="cssclass" />
			<property name="defaultrender">
				<default-value>true</default-value>
			</property>
			<property name="id">
				<flag name="final" />
			</property>
			<property name="showbackground">
				<default-value>false</default-value>
			</property>
			<property name="visible">
				<default-value>true</default-value>
			</property>
			<property name="renderid" />
			<property name="textcss" />
		</property-list>
	</component-descriptor>

	<component-descriptor name="breadcrumbs">
		<property-list>
			<property name="jsp-filename">
				<default-value>breadcrumbs</default-value>
			</property>
			<property name="defaultrender">
				<default-value>false</default-value>
			</property>
			<property name="childrendertype">
				<default-value>controls</default-value>
			</property>
			<property name="errormsg" />
			<property name="id">
				<flag name="final" />
			</property>
			<property name="visible">
				<default-value>true</default-value>
			</property>
			<property name="textcss" />
		</property-list>
	</component-descriptor>

	<component-descriptor name="bulletinboard">
		<property-list>
			<property name="jsp-filename">
				<default-value>bulletinboard</default-value>
			</property>
			<property name="cssclass" />
			<property name="expandonlyone" />
			<property name="layoutid" />
			<property name="id">
				<flag name="final" />
			</property>
			<property name="refreshinterval" />
			<property name="visible">
				<default-value>true</default-value>
			</property>
			<property name="textcss" />
			<property name="width" />
		</property-list>
	</component-descriptor>

	<component-descriptor name="canvas">
		<property-list>
			<property name="jsp-filename">
				<default-value>canvas</default-value>
			</property>
			<property name="id">
				<flag name="final" />
			</property>
			<property name="visible">
				<default-value>true</default-value>
			</property>
			<property name="alwaysinclude">
				<default-value>true</default-value>
			</property>
			<property name="textcss" />
		</property-list>
	</component-descriptor>

	<component-descriptor name="days">
		<property-list>
			<property name="jsp-filename">
				<default-value>days</default-value>
			</property>
			<property name="calendartype" />
			<property name="dataattribute" />
			<property name="dateattribute" />
			<property name="defaultrender">
				<default-value>true</default-value>
			</property>
			<property name="enddateattribute" />
			<property name="id">
				<flag name="final" />
			</property>
			<property name="startdateattribute" />
			<property name="weekstart" />
			<property name="textcss" />
		</property-list>
	</component-descriptor>

	<component-descriptor name="dynamictoolbar">
		<property-list>
			<property name="jsp-filename">
				<default-value>dynamictoolbar</default-value>
			</property>
			<property name="defaultrender">
				<default-value>false</default-value>
			</property>
			<property name="id">
				<flag name="final" />
			</property>
			<property name="textcss" />
		</property-list>
	</component-descriptor>

	<component-descriptor name="checkbox" instance-class="psdi.webclient.components.Checkbox">
		<property-list>
			<property name="jsp-filename">
				<default-value>checkbox</default-value>
			</property>
			<property name="asyncevents">
				<default-value>toggle</default-value>
			</property>
			<property name="mxeventjshandler">
				<default-value>cbHdlr</default-value>
			</property>
			<property name="cssclass" />
			<property name="objectname" />
			<property name="attributename" />
			<property name="dataattribute" />
			<property name="defaultrender">
				<default-value>true</default-value>
			</property>
			<property name="haslongdescription" />
			<property name="id">
				<flag name="final" />
			</property>
			<property name="imagename" />
			<property name="imagetype" />
			<property name="inputmode" />
			<property name="msgtrue" />
			<property name="msgfalse" />
			<property name="notifyportlets">
				<default-value>false</default-value>
			</property>
			<property name="remarks" />
			<property name="cbsize" />
			<property name="synchronous">
				<flag name="final" />
				<default-value>false</default-value>
			</property>
			<property name="tablereadonly" />
			<property name="takesfocus">
				<default-value>true</default-value>
			</property>
            <property name="takesvalue">
             <default-value>true</default-value>
            </property>
			<property name="title" />
			<property name="visible">
				<default-value>true</default-value>
			</property>
			<property name="textcss" />
		</property-list>
	</component-descriptor>

	<component-descriptor name="children">
		<property-list>
			<property name="jsp-filename">
				<default-value>children</default-value>
			</property>
			<property name="id">
				<flag name="final" />
			</property>
			<property name="height" />
			<property name="visible">
				<default-value>true</default-value>
			</property>
			<property name="displaystyle" />
			<property name="cssclass" />
			<property name="rendercomponents" />
			<property name="rendercontrols" />
			<property name="layout" />
			<property name="emptycontrol" />
			<property name="width" />
			<property name="designonly" />
			<property name="hidewhen" />
			<property name="childrendertype">
				<default-value>controls</default-value>
			</property>
			<property name="cellspacing">
				<default-value>0</default-value>
			</property>
			<property name="defaultrender">
				<default-value>false</default-value>
			</property>
			<property name="textcss" />
		</property-list>
	</component-descriptor>

	<component-descriptor name="clientarea">
		<property-list>
			<property name="jsp-filename">
				<default-value>clientarea</default-value>
			</property>
			<property name="id">
				<flag name="final" />
			</property>
		</property-list>
	</component-descriptor>

	<component-descriptor name="components">
		<property-list>
			<property name="jsp-filename">
				<default-value>components</default-value>
			</property>
			<property name="ariarole" />
			<property name="id">
				<flag name="final" />
			</property>
			<property name="column" />
			<property name="display">
				<default-value>true</default-value>
			</property>
			<property name="visible">
				<default-value>true</default-value>
			</property>
			<property name="hidewhen" />
			<property name="visibilitychanged">
				<default-value>false</default-value>
			</property>
			<property name="cssclass" />
			<property name="makevertical">
				<default-value>false</default-value>
			</property>
			<property name="rendercomponents" />
			<property name="layout" />
			<property name="designonly" />
			<property name="renderid" />
			<property name="colspan" />
			<property name="align" />
			<property name="valign" />
			<property name="width" />
			<property name="height" />
			<property name="componentcss" />
			<property name="selected" />
			<property name="nowrap">
				<default-value>true</default-value>
			</property>
			<property name="reloadable">
				<default-value>false</default-value>
			</property>
			<property name="textcss" />
		</property-list>
	</component-descriptor>

	<component-descriptor name="controls" instance-class="psdi.webclient.components.Controls">
		<property-list>
			<property name="jsp-filename">
				<default-value>controls</default-value>
			</property>
			<property name="id">
				<flag name="final" />
			</property>
			<property name="visible">
				<default-value>true</default-value>
			</property>
			<property name="cssclass" />
			<property name="designonly" />
			<property name="colcount" />
			<property name="displaylabels" />
			<property name="textcss" />
		</property-list>
	</component-descriptor>
	<component-descriptor name="datasrc">
		<property-list>
			<property name="jsp-filename">
				<default-value>datasrc</default-value>
			</property>
			<property name="id">
				<flag name="final" />
			</property>
		</property-list>
	</component-descriptor>

	<component-descriptor name="defaultvalue" instance-class="psdi.webclient.components.DefaultValue">
		<property-list>
			<property name="jsp-filename">
				<default-value>defaultvalue</default-value>
			</property>
			<property name="id">
				<flag name="final" />
			</property>
			<property name="designonly">
				<default-value>true</default-value>
			</property>
			<property name="datasrc" />
			<property name="dataattribute" />
			<property name="value" />
			<property name="fromdatasrc" />
			<property name="fromattribute" />
			<property name="defaulttype" />
			<property name="textcss" />
		</property-list>
	</component-descriptor>

	<component-descriptor name="dialog">
		<property-list>
			<property name="jsp-filename">
				<default-value>dialog</default-value>
			</property>
			<property name="id">
				<flag name="final" />
			</property>
			<property name="alwaysinclude">
				<default-value>true</default-value>
			</property>
			<property name="defaultrender">
				<default-value>false</default-value>
			</property>
			<property name="labelledby" />
			<property name="modal" />
			<property name="positionX" />
			<property name="positionY" />
			<property name="visible">
				<default-value>true</default-value>
			</property>
			<property name="width">
				<default-value>200</default-value>
			</property>
			<property name="height">
				<default-value>50</default-value>
			</property>
			<property name="textcss" />
		</property-list>
	</component-descriptor>

	<component-descriptor name="dialogback">
		<property-list>
			<property name="jsp-filename">
				<default-value>dialogback</default-value>
			</property>
			<property name="id">
				<flag name="final" />
			</property>
			<property name="alwaysinclude">
				<default-value>true</default-value>
			</property>
			<property name="defaultrender">
				<default-value>false</default-value>
			</property>
			<property name="textcss" />
		</property-list>
	</component-descriptor>

	<component-descriptor name="dialogsection">
		<property-list>
			<property name="jsp-filename">
				<default-value>dialogsection</default-value>
			</property>
			<property name="id">
				<flag name="final" />
			</property>
			<property name="align" />
			<property name="alwaysinclude">
				<default-value>true</default-value>
			</property>
			<property name="cssclass" />
			<property name="defaultrender">
				<default-value>false</default-value>
			</property>
			<property name="height" />
			<property name="type" />
			<property name="visible">
				<default-value>true</default-value>
			</property>
			<property name="textcss" />
		</property-list>
	</component-descriptor>

	<component-descriptor name="displayrule">
		<property-list>
			<property name="jsp-filename">
				<default-value>displayrule</default-value>
			</property>
			<property name="id">
				<flag name="final" />
			</property>
			<property name="textcss" />
		</property-list>
	</component-descriptor>

	<component-descriptor name="ecommframe">
		<property-list>
			<property name="jsp-filename">
				<default-value>ecommframe</default-value>
			</property>
			<property name="alwaysinclude">
				<default-value>true</default-value>
			</property>
			<property name="defaultrender">
				<default-value>true</default-value>
			</property>
			<property name="id">
				<flag name="final" />
			</property>
			<property name="textcss" />
		</property-list>
	</component-descriptor>

	<component-descriptor name="favoriteappsportlet">
		<property-list>
			<property name="jsp-filename">
				<default-value>favoriteappsportlet</default-value>
			</property>
			<property name="id">
				<flag name="final" />
			</property>
			<property name="layoutid">
				<flag name="final" />
			</property>
			<property name="minormax" />
			<property name="portletid">
				<flag name="final" />
			</property>
			<property name="visible">
				<default-value>true</default-value>
			</property>
			<property name="textcss" />
		</property-list>
	</component-descriptor>

	<component-descriptor name="fieldhelp">
		<property-list>
			<property name="jsp-filename">
				<default-value>fieldhelp</default-value>
			</property>
			<property name="defaultrender">
				<default-value>true</default-value>
			</property>
			<property name="id">
				<flag name="final" />
			</property>
			<property name="visible">
				<default-value>true</default-value>
			</property>
			<property name="textcss" />
		</property-list>
	</component-descriptor>

	<component-descriptor name="glnavigator" instance-class="psdi.webclient.components.GLNavigator">
		<property-list>
			<property name="jsp-filename">
				<default-value>glnavigator</default-value>
			</property>
			<property name="alwaysinclude">
				<default-value>true</default-value>
			</property>
			<property name="cssclass" />
			<property name="dataattribute" />
			<property name="datasrc" />
			<property name="defaultrender">
				<default-value>true</default-value>
			</property>
			<property name="id">
				<flag name="final" />
			</property>
			<property name="label">
				<flag name="translatable" />
			</property>
			<property name="textcss" />
		</property-list>
	</component-descriptor>

	<component-descriptor name="group">
		<property-list>
			<property name="jsp-filename">
				<default-value>group</default-value>
			</property>
			<property name="id">
				<flag name="final" />
			</property>
			<property name="visible">
				<default-value>true</default-value>
			</property>
			<property name="layout">
				<default-value>none</default-value>
			</property>
			<property name="width">
				<default-value>100%</default-value>
			</property>
			<property name="height" />
			<property name="cellspacing">
				<default-value>0</default-value>
			</property>
			<property name="align" />
			<property name="valign" />
			<property name="cssclass" />
			<property name="displaystyle">
				<default-value>block</default-value>
			</property>
		</property-list>
	</component-descriptor>

	<component-descriptor name="header">
		<property-list>
			<property name="jsp-filename">
				<default-value>components</default-value>
			</property>
			<property name="id">
				<flag name="final" />
			</property>
			<property name="layout">
				<default-value>vertical</default-value>
			</property>
		</property-list>
	</component-descriptor>

	<component-descriptor name="headerbar">
		<property-list>
			<property name="jsp-filename">
				<default-value>headerbar</default-value>
			</property>
			<property name="id">
				<flag name="final" />
			</property>
			<property name="alwaysinclude">
				<default-value>true</default-value>
			</property>
			<property name="border" />
			<property name="cssclass">
				<default-value>hb</default-value>
			</property>
			<property name="defaultrender">
				<default-value>true</default-value>
			</property>
			<property name="description" />
			<property name="headerheight">
				<default-value>25</default-value>
			</property>
			<property name="hidewhen" />
			<property name="inverted">
				<default-value>false</default-value>
			</property>
			<property name="type" />
			<property name="rightendclass" />
			<property name="rightend" />
			<property name="rounded">
				<default-value>false</default-value>
			</property>
			<property name="width">
				<default-value>100%</default-value>
			</property>
			<property name="textcss" />
		</property-list>
	</component-descriptor>

	<component-descriptor name="helpgrid">
		<property-list>
			<property name="jsp-filename">
				<default-value>helpgrid</default-value>
			</property>
			<property name="cssclass" />
			<property name="defaultrender">
				<default-value>true</default-value>
			</property>
			<property name="id">
				<flag name="final" />
			</property>
			<property name="innerhtml" />
			<property name="morehelp" />
			<property name="msggroup" />
			<property name="msgkey" />
			<property name="visible">
				<default-value>true</default-value>
			</property>
			<property name="textcss" />
		</property-list>
	</component-descriptor>

	<component-descriptor name="iframe" instance-class="psdi.webclient.components.Iframe">
		<property-list>
			<property name="jsp-filename">
				<default-value>iframe</default-value>
			</property>
			<property name="cssclass" />
			<property name="defaultrender">
				<default-value>true</default-value>
			</property>
			<property name="height" />
			<property name="id">
				<flag name="final" />
			</property>
			<property name="scroll" />
			<property name="src" />
			<property name="style">
				<default-value>border:0px;</default-value>
			</property>
			<property name="visible">
				<default-value>true</default-value>
			</property>
			<property name="takesfocus">
				<default-value>true</default-value>
			</property>
			<property name="width" />
			<property name="textcss" />
		</property-list>
	</component-descriptor>

	<component-descriptor name="image" instance-class="psdi.webclient.components.Image">
		<property-list>
			<property name="jsp-filename">
				<default-value>image</default-value>
			</property>
			<property name="synchronous">
				<flag name="final" />
				<default-value>true</default-value><!-- keep this true -->
			</property>
			<property name="ariarole" />
            <property name="ariahidden">
             <default-value>false</default-value>
            </property>
			<property name="asyncevents">
				<default-value>setvalue</default-value>
			</property>
			<property name="id">
				<flag name="final" />
			</property>
			<property name="visible">
				<default-value>true</default-value>
			</property>
			<property name="iconmenu"/>
			<property name="src" />
			<property name="align" />
			<property name="cssclass" />
			<property name="browsercss" />
			<property name="mxevent" />
			<property name="mxeventjshandler" />
			<property name="designerenabled">
				<default-value>false</default-value>
			</property>
			<property name="eventvalue" />
			<property name="extendedtooltip" />
			<property name="hidewhen" />
			<property name="targetid" />
			<property name="lookup" />
			<property name="longdesc" />
			<property name="menutype" />
			<property name="applink" />
			<property name="linkedcomponent" />
			<property name="height" />
			<property name="width" />
			<property name="tooltip" />
			<property name="tablereadonly" />
			<property name="onfilterrow" />
			<property name="display">
				<default-value>block</default-value>
			</property>
			<property name="instance-class" />
			<property name="dataattribute" />
			<property name="descdataattribute" />
			<property name="remarks" />
			<property name="title" />
			<property name="length" />
			<property name="msggroup" />
			<property name="msgkey" />
			<property name="ignoredatachange">
				<default-value>false</default-value>
			</property>
			<property name="ignorereadonlychange">
				<default-value>false</default-value>
			</property>
			<property name="ignorerequiredchange">
				<default-value>false</default-value>
			</property>
			<property name="scale" />
			<property name="isnumeric" />
			<property name="haslongdescription" />
			<property name="size" />
			<property name="inttype" />
			<property name="ispersistent" />
			<property name="entityname" />
			<property name="objectname" />
			<property name="attributename" />
			<property name="columnname" />
			<property name="inputmode" />
			<property name="disablereadonly" />
			<property name="margin">
				<default-value>0</default-value>
			</property>
			<property name="setsfocus">
				<default-value>true</default-value>
			</property>
			<property name="show">
				<default-value>"true"</default-value>
			</property>
			<property name="defaultrender">
				<default-value>true</default-value>
			</property>
			<property name="useoriginalid">
				<default-value>false</default-value>
			</property>
			<property name="detailimage" />
			<property name="imagename"/>
		</property-list>
	</component-descriptor>

	<component-descriptor name="imicon_iframe">
		<property-list>
			<property name="jsp-filename">
				<default-value>imicon_iframe</default-value>
			</property>
			<property name="id">
				<flag name="final" />
			</property>
			<property name="cssclass" />
			<property name="defaultrender">
				<default-value>true</default-value>
			</property>
			<property name="width">
				<default-value>20</default-value>
			</property>
			<property name="height">
				<default-value>16</default-value>
			</property>
			<property name="scroll">
				<default-value>no</default-value>
			</property>
			<property name="style">
				<default-value>border:0px;</default-value>
			</property>
			<property name="takesfocus">
				<default-value>true</default-value>
			</property>
			<property name="src">
				<default-value>/webclient/imi/imicon.jsp</default-value>
			</property>
			<property name="relationship" />
			<property name="saveconversation">
				<default-value>false</default-value>
			</property>
		</property-list>
	</component-descriptor>

	<component-descriptor name="inboxportlet">
		<property-list>
			<property name="jsp-filename">
				<default-value>inboxportlet</default-value>
			</property>
			<property name="id">
				<flag name="final" />
			</property>
			<property name="layoutid">
				<flag name="final" />
			</property>
			<property name="minormax" />
			<property name="portletid">
				<flag name="final" />
			</property>
			<property name="rowstodisplay" />
			<property name="sortattribute" />
			<property name="sorttype" />
			<property name="start" />
			<property name="visible">
				<default-value>true</default-value>
			</property>
			<property name="textcss" />
		</property-list>
	</component-descriptor>

	<component-descriptor name="include">
		<property-list>
			<property name="jsp-filename">
				<default-value>include</default-value>
			</property>
			<property name="alwaysinclude">
				<default-value>true</default-value>
			</property>
			<property name="cssclass" />
			<property name="defaultrender">
				<default-value>false</default-value>
			</property>
			<property name="id">
				<flag name="final" />
			</property>
			<property name="title" />
		</property-list>
	</component-descriptor>

	<component-descriptor name="kpigraphportlet">
		<property-list>
			<property name="jsp-filename">
				<default-value>kpigraphportlet</default-value>
			</property>
			<property name="columnnum" />
			<property name="id">
				<flag name="final" />
			</property>
			<property name="layoutid">
				<flag name="final" />
			</property>
			<property name="minormax" />
			<property name="pagelayout" />
			<property name="portletid">
				<flag name="final" />
			</property>
			<property name="visible">
				<default-value>true</default-value>
			</property>
			<property name="textcss" />
		</property-list>
	</component-descriptor>

	<component-descriptor name="kpigraph">
		<property-list>
			<property name="jsp-filename">
				<default-value>kpigraph</default-value>
			</property>
			<property name="alwaysinclude">
				<default-value>true</default-value>
			</property>
			<property name="border" />
			<property name="cssclass" />
			<property name="defaultrender">
				<default-value>true</default-value>
			</property>
			<property name="height" />
			<property name="id">
				<flag name="final" />
			</property>
			<property name="scroll" />
			<property name="src" />
			<property name="type" />
			<property name="width" />
			<property name="textcss" />
		</property-list>
	</component-descriptor>

	<component-descriptor name="kpiheader">
		<property-list>
			<property name="jsp-filename">
				<default-value>kpiheader</default-value>
			</property>
			<property name="alwaysinclude">
				<default-value>true</default-value>
			</property>
			<property name="cssclass" />
			<property name="defaultrender">
				<default-value>true</default-value>
			</property>
			<property name="id">
				<flag name="final" />
			</property>
			<property name="kpilinkimage">
				<default-value>btn_kpi_link.gif</default-value>
			</property>
			<property name="reportlinkimage">
				<default-value>btn_report_link.gif</default-value>
			</property>
			<property name="showheader" />
			<property name="type" />
			<property name="textcss" />
		</property-list>
	</component-descriptor>

	<component-descriptor name="kpilistportlet">
		<property-list>
			<property name="jsp-filename">
				<default-value>kpilistportlet</default-value>
			</property>
			<property name="id">
				<flag name="final" />
			</property>
			<property name="layoutid">
				<flag name="final" />
			</property>
			<property name="minormax" />
			<property name="portletid">
				<flag name="final" />
			</property>
			<property name="visible">
				<default-value>true</default-value>
			</property>
			<property name="textcss" />
		</property-list>
	</component-descriptor>

	<component-descriptor name="label" instance-class="psdi.webclient.components.Label">
		<property-list>
			<property name="jsp-filename">
				<default-value>label</default-value>
			</property>
			<property name="accepthtmltags">
				<default-value>true</default-value>
			</property>
			<property name="accessiblelabelgroup" />
			<property name="accessiblelabelkey" />
			<property name="accessiblefocus">
				<default-value>false</default-value>
			</property>
			<property name="ariarole"/>
			<property name="additionalevent" />
			<property name="additionaleventvalue" />
			<property name="designerenabled">
				<default-value>false</default-value>
			</property>
			<property name="ctype">
				<default-value>label</default-value>
			</property>
			<property name="erroricon">
				<default-value>false</default-value>
			</property>
			<property name="extendedtooltip" />
			<property name="id">
				<flag name="final" />
			</property>
			<property name="visible">
				<default-value>true</default-value>
			</property>
			<property name="cssclass">
				<default-value>text label</default-value>
			</property>
			<property name="labelalign"/>
			<property name="labelcss" />
			<property name="labelfor" />
			<property name="tooltip" />
			<property name="href" />
			<property name="align">
				<default-value>left</default-value>
			</property>
			<property name="image" />
			<property name="imagecss" />
			<property name="imagefalse" />
			<property name="imagealign">
				<default-value>left</default-value>
			</property>
			<property name="imagevalign" />
			<property name="includeuistatus">
				<default-value>true</default-value>
			</property>
			<property name="inputmode" />
			<property name="oninput" />
			<property name="accesskey" />
			<property name="accesskeytitle" />
			<property name="mxevent" />
			<property name="mxevent_desc" />
			<property name="mxevent_icon" />
			<property name="additionalvalue" />
			<property name="targetid" />
			<property name="type" />
			<property name="designonly" />
			<property name="dataattribute" />
			<property name="displaystyle">
				<default-value>block</default-value>
			</property>
			<property name="remarks" />
			<property name="title" />
			<property name="length" />
			<property name="scale" />
			<property name="isnumeric" />
			<property name="haslongdescription" />
			<property name="size" />
			<property name="inttype" />
			<property name="ispersistent" />
			<property name="entityname" />
			<property name="objectname" />
			<property name="attributename" />
			<property name="hideontable">
				<default-value>false</default-value>
			</property>
			<property name="hidewhenempty">
				<default-value>false</default-value>
			</property>
			<property name="columnname" />
			<property name="eventvalue" />
			<property name="msggroup" />
			<property name="msgkey" />
			<property name="instance-class" />
			<property name="clickablestate" />
			<property name="makesafe">
				<default-value>true</default-value>
			</property>
			<property name="hidewhen" />
			<property name="tokennumber" />
			<property name="tokenseperator" />
			<property name="underlinelink">
				<default-value>false</default-value>
			</property>
			<property name="alwaysinclude">
				<default-value>false</default-value>
			</property>
			<property name="hidelabel" />
			<property name="defaultrender">
				<default-value>true</default-value>
			</property>
			<property name="setsfocus">
				<default-value>false</default-value>
			</property>
			<property name="ignoredatachange">
				<default-value>false</default-value>
			</property>
			<property name="ignorereadonlychange">
				<default-value>false</default-value>
			</property>
			<property name="ignorerequiredchange">
				<default-value>false</default-value>
			</property>
			<property name="requiredlabel" />
            <property name="rechover"/>
            <property name="rechoverattribute"/>
			<property name="showblank">
				<default-value>false</default-value>
			</property>
			<property name="useheading">
				<default-value>false</default-value>
			</property>
			<property name="usefieldsizegroup">
				<default-value>true</default-value>
			</property>
			<property name="useforlabelledby" />
			<property name="wraptext">
				<default-value>false</default-value>
			</property>
			<property name="wraplength" />
			<property name="canbreakwords" />
			<property name="addhyphentobreak" />
			<property name="textcss" />
		</property-list>
	</component-descriptor>

	<component-descriptor name="line">
		<property-list>
			<property name="jsp-filename">
				<default-value>line</default-value>
			</property>
			<property name="cssclass" />
			<property name="defaultrender">
				<default-value>true</default-value>
			</property>
			<property name="id">
				<flag name="final" />
			</property>
			<property name="pixelsize" />
			<property name="visible">
				<default-value>true</default-value>
			</property>
			<property name="width" />
			<property name="textcss" />
		</property-list>
	</component-descriptor>

	<component-descriptor name="linear">
		<property-list>
			<property name="jsp-filename">
				<default-value>linear</default-value>
			</property>
			<property name="id">
				<flag name="final" />
			</property>
			<property name="alwaysrefresh">
				<default-value>true</default-value>
			</property>
			<property name="defaultrender">
				<default-value>false</default-value>
			</property>
			<property name="alwaysinclude">
				<default-value>true</default-value>
			</property>
			<property name="visible">
				<default-value>true</default-value>
			</property>
			<property name="display">
				<default-value>true</default-value>
			</property>
			<property name="height">
				<default-value>400px</default-value>
			</property>
			<property name="width">
				<default-value>100%</default-value>
			</property>
		</property-list>
	</component-descriptor>

	<component-descriptor name="listbox">
		<property-list>
			<property name="jsp-filename">
				<default-value>listbox</default-value>
			</property>
			<property name="attributename" />
			<property name="columnname" />
			<property name="cssclass" />
			<property name="dataattribute" />
			<property name="datasrc" />
			<property name="defaultrender">
				<default-value>true</default-value>
			</property>
			<property name="displayattribute" />
			<property name="entityname" />
			<property name="haslongdescription" />
			<property name="height" />
			<property name="id">
				<flag name="final" />
			</property>
			<property name="inputmode" />
			<property name="inttype" />
			<property name="isnumeric" />
			<property name="ispersistent" />
			<property name="keyattribute" />
			<property name="keyvalue" />
			<property name="length" />
			<property name="maxlistitems" />
			<property name="objectname" />
			<property name="remarks" />
			<property name="returnattribute" />
			<property name="scale" />
			<property name="size" />
			<property name="takesfocus">
				<default-value>true</default-value>
			</property>
			<property name="title" />
			<property name="visible">
				<default-value>true</default-value>
			</property>
			<property name="width" />
			<property name="textcss" />
		</property-list>
	</component-descriptor>

	<component-descriptor name="longop">
		<property-list>
			<property name="jsp-filename">
				<default-value>longop</default-value>
			</property>
			<property name="id">
				<flag name="final" />
			</property>
			<property name="defaultrender">
				<default-value>false</default-value>
			</property>
			<property name="donemessage" />
			<property name="donemessagegroup" />
			<property name="donemessagekey" />
			<property name="cssclass" />
			<property name="interval" />
			<property name="longopmessage" />
			<property name="message" />
			<property name="messagekey" />
			<property name="messagegroup" />
			<property name="progressimage">
				<default-value>progressbar.gif</default-value>
			</property>
			<property name="progressdoneimage">
				<default-value>progressbar_done.gif</default-value>
			</property>
			<property name="showmessages">
				<default-value>false</default-value>
			</property>
			<property name="visible">
				<default-value>true</default-value>
			</property>
			<property name="textcss" />
			<property name="isfromquery">
				<default-value>false</default-value>
			</property>
		</property-list>
	</component-descriptor>

	<component-descriptor name="lookup">
		<property-list>
			<property name="jsp-filename">
				<default-value>lookup</default-value>
			</property>
			<property name="id">
				<flag name="final" />
			</property>
			<property name="visible">
				<default-value>true</default-value>
			</property>
			<property name="cssclass" />
			<property name="textcss" />
		</property-list>
	</component-descriptor>

	<component-descriptor name="menus">
		<property-list>
			<property name="jsp-filename">
				<default-value>menus</default-value>
			</property>
			<property name="id" />
			<property name="openat" />
			<property name="defaultrender">
				<default-value>false</default-value>
			</property>
			<property name="detailimage" />
		</property-list>
	</component-descriptor>

	<component-descriptor name="menubar" instance-class="psdi.webclient.components.MenuBar">
		<property-list>
			<property name="jsp-filename">
				<default-value>menubar</default-value>
			</property>
			<property name="appbarlinks" />
			<property name="id">
				<flag name="final" />
			</property>
			<property name="visible">
				<default-value>true</default-value>
			</property>
			<property name="cssclass" />
			<property name="toolbarevent">
				<default-value>search</default-value>
			</property>
			<property name="sourcemethod">
				<default-value>getAppSearchOptions</default-value>
			</property>
			<property name="defaultrender">
				<default-value>false</default-value>
			</property>
			<property name="textcss" />
		</property-list>
	</component-descriptor>

	<component-descriptor name="navcontainer">
		<property-list>
			<property name="jsp-filename">
				<default-value>navcontainer</default-value>
			</property>
			<property name="jsp-filename-ex">
				<default-value>navcontainer_ex</default-value>
			</property>
			<property name="id"/>
			<property name="collapsible"/>
			<property name="cssclass"/>
			<property name="expanded"/>
			<property name="hidewhen"/>
			<property name="height"/>
			<property name="pagenav"/>
			<property name="width"/>
		</property-list>			
	</component-descriptor>

	<component-descriptor name="navsection" instance-class="psdi.webclient.components.NavSection">
		<property-list>
			<property name="jsp-filename">
				<default-value>navsection</default-value>
			</property>
			<property name="jsp-filename-ex">
				<default-value>navsection_ex</default-value>
			</property>
			<property name="collapsible"/>
			<property name="cssclass"/>
			<property name="datasrcid"/>
			<property name="defaultrender">
				<default-value>false</default-value>
			</property>
			<property name="expanded"/>
			<property name="id">
				<flag name="final"/>
			</property>
			<property name="hidewhen"/>
			<property name="image"/>
			<property name="height"/>
			<property name="menuid"/>
			<property name="menutype"/>
			<property name="methodname"/>
			<property name="recents"/>
			<property name="static"/>
			<property name="showimages"/>
			<property name="title"/>
			<property name="visible">
				<default-value>true</default-value>
			</property>
		</property-list>
	</component-descriptor>

	<component-descriptor name="object">
		<property-list>
			<property name="jsp-filename">
				<default-value>object</default-value>
			</property>
			<property name="classid" />
			<property name="cssclass" />
			<property name="defaultrender">
				<default-value>true</default-value>
			</property>
			<property name="id">
				<flag name="final" />
			</property>
			<property name="visible">
				<default-value>true</default-value>
			</property>
			<property name="textcss" />
		</property-list>
	</component-descriptor>

	<component-descriptor name="objectholder">
		<property-list>
			<property name="jsp-filename">
				<default-value>objectholder</default-value>
			</property>
			<property name="id">
				<flag name="final" />
			</property>
		</property-list>
	</component-descriptor>

	<component-descriptor name="page" instance-class="psdi.webclient.components.PageComponent">
		<property-list>
			<property name="jsp-filename">
				<default-value>page</default-value>
			</property>
			<property name="cssclass" />
			<property name="id">
				<flag name="final" />
			</property>
			<property name="visible">
				<default-value>true</default-value>
			</property>
			<property name="cssfile" />
			<property name="imagepath" />
			<property name="alwaysinclude">
				<default-value>true</default-value>
			</property>
			<property name="scroll" />
			<property name="textcss" />
		</property-list>
	</component-descriptor>

	<component-descriptor name="popup">
		<property-list>
			<property name="jsp-filename">
				<default-value>popup</default-value>
			</property>
			<property name="alwaysinclude">
				<default-value>true</default-value>
			</property>
			<property name="cssclass" />
			<property name="defaultrender">
				<default-value>false</default-value>
			</property>
			<property name="height" />
			<property name="id">
				<flag name="final" />
			</property>
			<property name="visible">
				<default-value>true</default-value>
			</property>
			<property name="width" />
			<property name="textcss" />
		</property-list>
	</component-descriptor>

	<component-descriptor name="pushbutton" instance-class="psdi.webclient.components.Pushbutton">
		<property-list>
			<property name="jsp-filename">
				<default-value>pushbutton</default-value>
			</property>
			<property name="advancedlongop">
				<default-value>false</default-value>
			</property>
			<property name="buttonsenabled" />
			<property name="id">
				<flag name="final" />
			</property>
			<property name="visible">
				<default-value>true</default-value>
			</property>
			<property name="disabled">
				<default-value>false</default-value>
			</property>
			<property name="image" />
			<property name="innerimage"/>
			<property name="label" />
			<property name="longopmessage" />
			<property name="mxeventjshandler" />
			<property name="mxeventjshandlerpost"/>
			<property name="mxevent" />
			<property name="href" />
			<property name="cssclass" />
			<property name="menutype" />
			<property name="default" />
			<property name="targetid" />
			<property name="takesfocus">
				<default-value>true</default-value>
			</property>
			<property name="clickablestate" />
			<property name="eventvalue" />
			<property name="linkedfocusid" />
			<property name="doclinkuploadbutton">
				<default-value>false</default-value>
			</property>
			<property name="hidewhen" />
			<property name="defaultrender">
				<default-value>true</default-value>
			</property>
			<property name="width" />
			<property name="textcss" />
		</property-list>
	</component-descriptor>

	<component-descriptor name="quickinsertportlet">
		<property-list>
			<property name="jsp-filename">
				<default-value>quickinsertportlet</default-value>
			</property>
			<property name="id">
				<flag name="final" />
			</property>
			<property name="layoutid">
				<flag name="final" />
			</property>
			<property name="minormax" />
			<property name="portletid">
				<flag name="final" />
			</property>
			<property name="visible">
				<default-value>true</default-value>
			</property>
			<property name="textcss" />
		</property-list>
	</component-descriptor>

	<component-descriptor name="qsearch">
		<property-list>
			<property name="jsp-filename">
				<default-value>qsearch</default-value>
			</property>
			<property name="forceclear"/>
			<property name="hidden"/>
			<property name="id"/>
			<property name="instance-class" />
			<property name="mxevent" >
				<default-value>showmenu</default-value>
			</property>
			<property name="prompt">
				<flag name="translatable" />
			</property>
		</property-list>
	</component-descriptor>

	<component-descriptor name="radiobutton" instance-class="psdi.webclient.components.RadioButton">
		<property-list>
			<property name="jsp-filename">
				<default-value>radiobutton</default-value>
			</property>
			<property name="asyncevents">
				<default-value>setvalue</default-value>
			</property>
			<property name="alwaysinclude">
				<default-value>true</default-value>
			</property>
			<property name="checked">
				<default-value>false</default-value>
			</property>
			<property name="cssclass" />
			<property name="defaultrender">
				<default-value>true</default-value>
			</property>
			<property name="id">
				<flag name="final" />
			</property>
			<property name="inputmode" />
			<property name="label" />
			<property name="notifyportlets">
				<default-value>false</default-value>
			</property>
			<property name="synchronous">
				<flag name="final" />
				<default-value>false</default-value>
			</property>
			<property name="takesfocus">
				<default-value>true</default-value>
			</property>
			<property name="valign" />
			<property name="value" />
			<property name="visible">
				<default-value>true</default-value>
			</property>
			<property name="textcss" />
			<property name="mxeventjshandler">
				<default-value>rbHdlr</default-value>
			</property>						
		</property-list>
	</component-descriptor>

	<component-descriptor name="radiobuttons" instance-class="${package}.controller.BoundComponentInstance">
		<property-list>
			<property name="jsp-filename">
				<default-value>radiobuttons</default-value>
			</property>
			<property name="alwaysinclude">
				<default-value>true</default-value>
			</property>
			<property name="dataattribute" />
			<property name="remarks" />
			<property name="usereditable">
				<default-value>true</default-value>
			</property>
			<property name="labelledby" />
			<property name="length" />
			<property name="numericonly" />
			<property name="scale" />
			<property name="isnumeric" />
			<property name="haslongdescription" />
			<property name="size" />
			<property name="inttype" />
			<property name="ispersistent" />
			<property name="entityname" />
			<property name="objectname" />
			<property name="attributename" />
			<property name="columnname" />
			<property name="cssclass" />
			<property name="tablereadonly" />
			<property name="onfilterrow" />
			<property name="inputmode" />
			<property name="border" />
			<property name="defaultrender">
				<default-value>false</default-value>
			</property>
			<property name="id">
				<flag name="final" />
			</property>
			<property name="notifyportlets">
				<default-value>false</default-value>
			</property>
			<property name="static" />
			<property name="title" />
			<property name="visible">
				<default-value>true</default-value>
			</property>
			<property name="textcss" />
		</property-list>
	</component-descriptor>

	<component-descriptor name="range">
		<property-list>
			<property name="jsp-filename">
				<default-value>range</default-value>
			</property>
			<property name="id">
				<flag name="final" />
			</property>
			<property name="textcss" />
		</property-list>
	</component-descriptor>

	<component-descriptor name="recordimage" instance-class="psdi.webclient.components.RecordImage">
		<property-list>
			<property name="jsp-filename">
				<default-value>recordimage</default-value>
			</property>
			<property name="id">
				<flag name="final" />
			</property>
			<property name="cssclass" />
			<property name="height" />
			<property name="label" />
			<property name="width" />
			<property name="datasrc" />
			<property name="thumbnail" />
			<property name="event" />
			<property name="alttext" />
			<property name="alwaysinclude">
				<default-value>true</default-value>
			</property>
			<property name="mxevent">
				<flag name="system" />
				<default-value>viewimage</default-value>
			</property>
		</property-list>
	</component-descriptor>

	<component-descriptor name="required-indicator" instance-class="psdi.webclient.components.RequiredIndicator">
		<property-list>
			<property name="jsp-filename">
				<default-value>required-indicator</default-value>
			</property>
			<property name="id">
				<flag name="final" />
			</property>
			<property name="visible">
				<default-value>true</default-value>
			</property>
			<property name="cssclass">
				<default-value>required</default-value>
			</property>
			<property name="inputmode" />
			<property name="display" />
			<property name="dataattribute" />
			<property name="ignoreskin">
				<default-value>false</default-value>
			</property>
			<property name="remarks" />
			<property name="title" />
			<property name="length" />
			<property name="scale" />
			<property name="hideontable">
				<default-value>false</default-value>
			</property>
			<property name="isnumeric" />
			<property name="haslongdescription" />
			<property name="size" />
			<property name="inttype" />
			<property name="ispersistent" />
			<property name="entityname" />
			<property name="objectname" />
			<property name="attributename" />
			<property name="columnname" />
			<property name="defaultrender">
				<default-value>true</default-value>
			</property>
			<property name="hide">
				<default-value>false</default-value>
			</property>
			<property name="ignoredatachange">
				<default-value>false</default-value>
			</property>
			<property name="ignorereadonlychange">
				<default-value>false</default-value>
			</property>
			<property name="ignorerequiredchange">
				<default-value>false</default-value>
			</property>
			<property name="textcss" />
		</property-list>
	</component-descriptor>

	<component-descriptor name="reportlistportlet">
		<property-list>
			<property name="jsp-filename">
				<default-value>reportlistportlet</default-value>
			</property>
			<property name="charttype" />
			<property name="columnnum" />
			<property name="id">
				<flag name="final" />
			</property>
			<property name="layoutid">
				<flag name="final" />
			</property>
			<property name="minormax" />
			<property name="portletid">
				<flag name="final" />
			</property>
			<property name="rowstodisplay" />
			<property name="start" />
			<property name="visible">
				<default-value>true</default-value>
			</property>
			<property name="textcss" />
		</property-list>
	</component-descriptor>

	<component-descriptor name="resultsetportlet">
		<property-list>
			<property name="jsp-filename">
				<default-value>resultsetportlet</default-value>
			</property>
			<property name="charttype" />
			<property name="columnnum" />
			<property name="id">
				<flag name="final" />
			</property>
			<property name="layoutid">
				<flag name="final" />
			</property>
			<property name="minormax" />
			<property name="portletid">
				<flag name="final" />
			</property>
			<property name="rowstodisplay" />
			<property name="showchart" />
			<property name="sortattribute" />
			<property name="sorttype" />
			<property name="start" />
			<property name="view" />
			<property name="visible">
				<default-value>true</default-value>
			</property>
			<property name="textcss" />
		</property-list>
	</component-descriptor>

	<component-descriptor name="richtextviewer" instance-class="psdi.webclient.components.RichTextViewer">
		<property-list>
			<!-- These are the dimensions of the viewers area, scroll bars will be shown as necessary. -->
			<property name="height">
				<default-value>100</default-value>
			</property>
			<property name="width">
				<default-value>400</default-value>
			</property>
			<!-- The html data to be displayed/edited -->
			<property name="value" />

			<!-- The css class that specifies the default font face and font size -->
			<property name="textcss" />

			<!-- The title to be given to the iframe for accessibility -->
			<property name="iframetitle" />

			<property name="id">
				<flag name="final" />
			</property>
			<property name="jsp-filename">
				<default-value>richtextviewer</default-value>
			</property>
			<property name="dataattribute" />
			<property name="rownum">
				<flag name="system" />
			</property>
			<property name="defaultrender">
				<flag name="final" />
				<default-value>true</default-value>
			</property>
			<property name="alwaysinclude">
				<default-value>false</default-value>
			</property>
			<property name="hidewhen" />
			<property name="visible">
				<default-value>true</default-value>
			</property>
			<property name="replacemethod">
				<default-value>NONE</default-value>
			</property>
		</property-list>
	</component-descriptor>

	<component-descriptor name="richtexteditor" instance-class="psdi.webclient.components.RichTextEditor">
		<property-list>
			<property name="plugins"/>
			<property name="extra_plugins">
				<default-value>['tpaeCreateLink', 'insertImage', 'foreColor', 'hiliteColor', 'viewsource', 'tpaePasteFromWord', 'spellCheck',
				'||', {'name': 'dijit._editor.plugins.FontChoice', 'command': 'fontName', 'generic':'true'}, 'fontSize', 'formatBlock']</default-value>
			</property>
			<property name="dojo_require">
				<default-value>dijit._editor.plugins.ViewSource, dojox.editor.plugins.ToolbarLineBreak, dijit._editor.plugins.FontChoice,
				dijit._editor.plugins.TextColor, dijit._editor.plugins.LinkDialog, ibm.tivoli.mbs.dijit.editor.plugins.SpellCheck,
				ibm.tivoli.mbs.dijit.editor.plugins.TpaeLinkDialog, ibm.tivoli.mbs.dijit.editor.plugins.TpaePasteFromWord,
				ibm.tivoli.mbs.dijit.editor.TpaeTextEditor</default-value>
			</property>
			<property name="load_css">
				<default-value>dojox/editor/plugins/resources/editorPlugins.css, dojox/editor/plugins/resources/css/PasteFromWord.css,
				dojox/form/resources/FileInput.css, ibm/tivoli/mbs/dijit/editor/plugins/editorPlugins.css</default-value>
			</property>
			<property name="dojo_type">
				<default-value>ibm.tivoli.mbs.dijit.editor.TpaeTextEditor</default-value>
			</property>

			<!-- These are the dimensions of the editing area in pixels, the toolbar will take additional space above. -->
			<property name="height">
				<default-value>300</default-value>
			</property>
			<property name="width">
				<default-value>720</default-value>
			</property>

			<!-- Value: The html data to be displayed/edited -->
			<property name="value" />

			<!-- Input mode: only valid values are; 'readonly' and not specified(blank) -->
			<property name="inputmode" />

			<property name="id">
				<flag name="final" />
			</property>
			<property name="jsp-filename">
				<default-value>richtexteditor</default-value>
			</property>
			<property name="dataattribute" />
			<property name="defaultrender">
				<flag name="final" />
				<default-value>false</default-value>
			</property>
			<property name="alwaysinclude">
				<default-value>false</default-value>
			</property>
			<property name="hidewhen" />
			<property name="visible">
				<default-value>true</default-value>
			</property>
		</property-list>
	</component-descriptor>

	<component-descriptor name="section">
		<property-list>
			<property name="jsp-filename">
				<default-value>section</default-value>
			</property>
			<property name="id">
				<flag name="final" />
			</property>
			<property name="align" />
			<property name="alwaysinclude">
				<default-value>true</default-value>
			</property>
			<property name="border" />
			<property name="cssclass" />
			<property name="defaultrender">
				<default-value>true</default-value>
			</property>
			<property name="description" />
			<property name="destroynotify">
				<default-value>true</default-value>
			</property>
			<property name="height" />
			<property name="label" />
			<property name="labelledby" />
			<property name="visible">
				<default-value>true</default-value>
			</property>
			<property name="textcss" />
		</property-list>
	</component-descriptor>

	<component-descriptor name="sectioncol">
		<property-list>
			<property name="jsp-filename">
				<default-value>sectioncol</default-value>
			</property>
			<property name="id">
				<flag name="final" />
			</property>
			<property name="align" />
			<property name="alwaysinclude">
				<default-value>true</default-value>
			</property>
			<property name="border" />
			<property name="cssclass" />
			<property name="defaultrender">
				<default-value>true</default-value>
			</property>
			<property name="description" />
			<property name="display">
				<default-value>true</default-value>
			</property>
			<property name="label" />
			<property name="visible">
				<default-value>true</default-value>
			</property>
			<property name="textcss" />
			<property name="width" />
		</property-list>
	</component-descriptor>

	<component-descriptor name="sectionouter">
		<property-list>
			<property name="jsp-filename">
				<default-value>sectionouter</default-value>
			</property>
			<property name="id">
				<flag name="final" />
			</property>
			<property name="visible">
				<default-value>true</default-value>
			</property>
			<property name="visibilitychanged">
				<default-value>false</default-value>
			</property>
			<property name="cssclass" />
			<property name="rendercomponents" />
			<property name="designonly" />
			<property name="renderid" />
			<property name="label" />
			<property name="border" />
			<property name="colspan" />
			<property name="alwaysinclude">
				<default-value>true</default-value>
			</property>
			<property name="textcss" />
		</property-list>
	</component-descriptor>

	<component-descriptor name="sectionrow">
		<property-list>
			<property name="jsp-filename">
				<default-value>sectionrow</default-value>
			</property>
			<property name="alwaysinclude">
				<default-value>true</default-value>
			</property>
			<property name="id">
				<flag name="final" />
			</property>
			<property name="border" />
			<property name="cssclass" />
			<property name="defaultrender">
				<default-value>false</default-value>
			</property>
			<property name="visible">
				<default-value>true</default-value>
			</property>
		</property-list>
	</component-descriptor>

	<component-descriptor name="select" instance-class="${package}.controller.BoundComponentInstance">
		<property-list>
			<property name="jsp-filename">
				<default-value>select</default-value>
			</property>
			<property name="attributename" />
			<property name="columnname" />
			<property name="cssclass" />
			<property name="dataattribute" />
			<property name="datasrc" />
			<property name="defaultrender">
				<default-value>true</default-value>
			</property>
			<property name="displayattribute" />
			<property name="displayimages" />
			<property name="entityname" />
			<property name="haslongdescription" />
			<property name="height" />
			<property name="id">
				<flag name="final" />
			</property>
			<property name="inputmode" />
			<property name="inttype" />
			<property name="isnumeric" />
			<property name="ispersistent" />
			<property name="keyattribute" />
			<property name="keyvalue" />
			<property name="length" />
			<property name="listitemimage" />
			<property name="maxlistitems" />
			<property name="objectname" />
			<property name="remarks" />
			<property name="returnattribute" />
			<property name="scale" />
			<property name="size" />
			<property name="takesfocus">
				<default-value>true</default-value>
			</property>
			<property name="title" />
			<property name="visible">
				<default-value>true</default-value>
			</property>
			<property name="width" />
			<property name="textcss" />
		</property-list>
	</component-descriptor>

	<component-descriptor name="sortimage" instance-class="psdi.webclient.components.SortImage">
		<property-list>
			<property name="jsp-filename">
				<default-value>sortimage</default-value>
			</property>
			<property name="alwaysinclude">
				<default-value>true</default-value>
			</property>
			<property name="attributename" />
			<property name="columnname" />
			<property name="cssclass" />
			<property name="dataattribute" />
			<property name="defaultrender">
				<default-value>true</default-value>
			</property>
			<property name="entityname" />
			<property name="haslongdescription" />
			<property name="id">
				<flag name="final" />
			</property>
			<property name="inputmode" />
			<property name="inttype" />
			<property name="isnumeric" />
			<property name="ispersistent" />
			<property name="length" />
			<property name="objectname" />
			<property name="onfilterrow" />
			<property name="remarks" />
			<property name="scale" />
			<property name="size" />
			<property name="src" />
			<property name="tablereadonly" />
			<property name="title" />
			<property name="width" />
			<property name="textcss" />
		</property-list>
	</component-descriptor>

	<component-descriptor name="spinbox" instance-class="${package}.controller.BoundComponentInstance">
		<property-list>
			<property name="jsp-filename">
				<default-value>spinbox</default-value>
			</property>
			<property name="id">
				<flag name="final" />
			</property>
			<property name="visible">
				<default-value>true</default-value>
			</property>
			<property name="cssclass" />
			<property name="type" />
			<property name="dataattribute" />
			<property name="remarks" />
			<property name="title" />
			<property name="length" />
			<property name="scale" />
			<property name="isnumeric" />
			<property name="haslongdescription" />
			<property name="size" />
			<property name="inttype" />
			<property name="ispersistent" />
			<property name="entityname" />
			<property name="objectname" />
			<property name="attributename" />
			<property name="columnname" />
			<property name="notifyportlets">
				<default-value>false</default-value>
			</property>
			<property name="inputmode" />
			<property name="takesfocus">
				<default-value>true</default-value>
			</property>
			<property name="textcss" />
		</property-list>
	</component-descriptor>

	<component-descriptor name="startcenter-options">
		<property-list>
			<property name="jsp-filename">
				<default-value>startcenter-options</default-value>
			</property>
			<property name="cssclass" />
			<property name="id">
				<flag name="final" />
			</property>
			<property name="visible">
				<default-value>true</default-value>
			</property>
			<property name="textcss" />
		</property-list>
	</component-descriptor>

	<component-descriptor name="startcenter-pane">
		<property-list>
			<property name="jsp-filename">
				<default-value>startcenter-pane</default-value>
			</property>
			<property name="alwaysinclude">
				<default-value>true</default-value>
			</property>
			<property name="childrendertype">
				<default-value>controls</default-value>
			</property>
			<property name="column" />
			<property name="defaultrender">
				<default-value>true</default-value>
			</property>
			<property name="id">
				<flag name="final" />
			</property>
			<property name="visible">
				<default-value>true</default-value>
			</property>
			<property name="width" />
			<property name="textcss" />
		</property-list>
	</component-descriptor>

	<component-descriptor name="startcenter-tabs">
		<property-list>
			<property name="jsp-filename">
				<default-value>startcenter-tabs</default-value>
			</property>
			<property name="cssclass" />
			<property name="id">
				<flag name="final" />
			</property>
			<property name="visible">
				<default-value>true</default-value>
			</property>
			<property name="textcss" />
		</property-list>
	</component-descriptor>

	<component-descriptor name="systemprop">
		<property-list>
			<property name="jsp-filename">
				<default-value>systemprop</default-value>
			</property>
			<property name="dataattribute" />
			<property name="defaultrender">
				<default-value>true</default-value>
			</property>
			<property name="needsdivwrapper">
				<default-value>false</default-value>
			</property>
			<property name="id">
				<flag name="final" />
			</property>
			<property name="label" />
			<property name="textcss" />
		</property-list>
	</component-descriptor>

	<component-descriptor name="tab">
		<property-list>
			<property name="jsp-filename">
				<default-value>tab</default-value>
			</property>
			<property name="defaultrender">
				<default-value>false</default-value>
			</property>
			<property name="display">
				<default-value>true</default-value>
			</property>
			<property name="id">
				<flag name="final" />
			</property>
			<property name="erroricon">
				<default-value>true</default-value>
			</property>
			<property name="label" />
			<property name="cssclass" />
			<property name="renderid" />
			<property name="textcss" />
			<property name="labelcss" />
		</property-list>
	</component-descriptor>

	<component-descriptor name="tabbodies">
		<property-list>
			<property name="jsp-filename">
				<default-value>tabbodies</default-value>
			</property>
			<property name="display">
				<default-value>true</default-value>
			</property>
			<property name="id">
				<flag name="final" />
			</property>
			<property name="alwaysinclude">
				<default-value>true</default-value>
			</property>
			<property name="childrendertype">
				<default-value>controls</default-value>
			</property>
			<property name="visible">
				<default-value>true</default-value>
			</property>
			<property name="cssclass" />
			<property name="renderid" />
			<property name="textcss" />
		</property-list>
	</component-descriptor>

	<component-descriptor name="tabgroup">
		<property-list>
			<property name="jsp-filename">
				<default-value>tabgroup</default-value>
			</property>
			<property name="id">
				<flag name="final" />
			</property>
			<property name="visible">
				<default-value>true</default-value>
			</property>
			<property name="cssclass" />
			<property name="defaultrender">
				<default-value>false</default-value>
			</property>
			<property name="textcss" />
		</property-list>
	</component-descriptor>

	<component-descriptor name="table">
		<property-list>
			<property name="jsp-filename">
				<default-value>table</default-value>
			</property>
			<property name="id">
				<flag name="final" />
			</property>
			<property name="visible">
				<default-value>true</default-value>
			</property>
			<property name="cssclass" />
			<property name="inputmode" />
			<property name="textcss" />
		</property-list>
	</component-descriptor>

	<component-descriptor name="tablebody">
		<property-list>
			<property name="jsp-filename">
				<default-value>tablebody</default-value>
			</property>
			<property name="id">
				<flag name="final" />
			</property>
			<property name="visible">
				<default-value>true</default-value>
			</property>
			<property name="cssclass" />
			<property name="clickable" />
			<property name="displayrows" />
			<property name="hideselectrows">
				<default-value>false</default-value>
			</property>
			<property name="alwaysinclude">
				<default-value>true</default-value>
			</property>
			<property name="childrendertype">
				<default-value>controls</default-value>
			</property>
			<property name="inputmode" />
			<property name="defaultrender">
				<default-value>false</default-value>
			</property>
			<property name="textcss" />
		</property-list>
	</component-descriptor>

	<component-descriptor name="tablecell" instance-class="psdi.webclient.components.TableCell">
		<property-list>
			<property name="jsp-filename">
				<default-value>tablecell</default-value>
			</property>
			<property name="id">
				<flag name="final" />
			</property>
			<property name="visible">
				<default-value>true</default-value>
			</property>
			<property name="colspan" />
			<property name="cssclass" />
			<property name="align" />
			<property name="rownum">
				<flag name="system" />
			</property>
			<property name="currentrow">
				<flag name="final" />
			</property>
			<property name="displayrow">
				<flag name="final" />
			</property>
			<property name="height">
				<flag name="final" />
			</property>
			<property name="alwaysinclude">
				<flag name="final" />
				<default-value>true</default-value>
			</property>
			<property name="defaultrender">
				<default-value>true</default-value>
			</property>
			<property name="textcss" />
		</property-list>
	</component-descriptor>

	<component-descriptor name="tablecol" instance-class="${package}.controller.BoundComponentInstance">
		<property-list>
			<property name="jsp-filename">
				<default-value>tablecol</default-value>
			</property>
			<property name="id">
				<flag name="final" />
			</property>
			<property name="visible">
				<default-value>true</default-value>
			</property>
			<property name="ontable">
				<flag name="final" />
				<default-value>true</default-value>
			</property>
			<property name="dataattribute" />
			<property name="detailimage" />
			<property name="extendedtooltip" />
			<property name="remarks" />
			<property name="title" />
			<property name="length" />
			<property name="scale" />
			<property name="isnumeric" />
			<property name="haslongdescription" />
			<property name="size" />
			<property name="inttype" />
			<property name="msgtrue" />
			<property name="msgfalse" />
			<property name="mxeventjshandler" />
			<property name="type" />
			<property name="ispersistent" />
			<property name="entityname" />
			<property name="objectname" />
			<property name="attributename" />
			<property name="columnname" />
			<property name="cssclass" />
			<property name="sortable" />
			<property name="inputmode" />
            <property name="rechover"/>
            <property name="rechoverattribute"/>
			<property name="usefieldsizegroup" />
			<property name="textcss" />
			<property name="usereditable" />
            <property name="width" />
		</property-list>
	</component-descriptor>

	<component-descriptor name="tabledetails">
		<property-list>
			<property name="jsp-filename">
				<default-value>tabledetails</default-value>
			</property>
			<property name="id">
				<flag name="final" />
			</property>
			<property name="alwaysinclude">
				<default-value>true</default-value>
			</property>
			<property name="cssclass" />
			<property name="defaultrender">
				<default-value>true</default-value>
			</property>
			<property name="inputmode" />
			<property name="visible">
				<default-value>true</default-value>
			</property>
			<property name="textcss" />
		</property-list>
	</component-descriptor>

	<component-descriptor name="tableouter">
		<property-list>
			<property name="jsp-filename">
				<default-value>tableouter</default-value>
			</property>
			<property name="id">
				<flag name="final" />
			</property>
			<property name="display" />
			<property name="cssclass" />
			<property name="defaultrender">
				<default-value>false</default-value>
			</property>
			<property name="textcss" />
		</property-list>
	</component-descriptor>

	<component-descriptor name="tablerow">
		<property-list>
			<property name="jsp-filename">
				<default-value>tablerow</default-value>
			</property>
			<property name="id">
				<flag name="final" />
			</property>
			<property name="erroricon">
				<default-value>true</default-value>
			</property>
			<property name="visible">
				<default-value>true</default-value>
			</property>
			<property name="cssclass" />
			<property name="rownum">
				<flag name="system" />
			</property>
			<property name="currentrow">
				<flag name="final" />
			</property>
			<property name="display" />
			<property name="filterable" />
			<property name="sortable" />
			<property name="alwaysinclude">
				<default-value>true</default-value>
			</property>
			<property name="textcss" />
		</property-list>
	</component-descriptor>

	<component-descriptor name="tablerowmock">
		<property-list>
			<property name="jsp-filename">
				<default-value>tablerowmock</default-value>
			</property>
			<property name="asyncevents">
				<default-value>toggleselectrow</default-value>
			</property>
			<property name="id">
				<flag name="final" />
			</property>
			<property name="mxeventjshandler">
				<default-value>trmHdlr</default-value>
			</property>
			<property name="visible">
				<default-value>true</default-value>
			</property>
			<property name="cssclass" />
			<property name="rownum">
				<flag name="system" />
			</property>
			<property name="currentrow">
				<flag name="final" />
			</property>
			<property name="display" />
			<property name="filterable" />
			<property name="sortable" />
			<property name="synchronous">
				<flag name="final" />
				<default-value>false</default-value>
			</property>
			<property name="alwaysinclude">
				<default-value>true</default-value>
			</property>
			<property name="wraplength">
				<default-value>40</default-value>
			</property>
			<property name="canbreakwords" />
			<property name="addhyphentobreak" />
		</property-list>
	</component-descriptor>

	<component-descriptor name="tabs">
		<property-list>
			<property name="jsp-filename">
				<default-value>tabs</default-value>
			</property>
			<property name="id">
				<flag name="final" />
			</property>
			<property name="visible">
				<default-value>true</default-value>
			</property>
			<property name="cssclass" />
			<property name="label" />
			<property name="style" />
			<property name="rendercomponents" />
			<property name="format" />
			<property name="childrendertype">
				<default-value>controls</default-value>
			</property>
			<property name="defaultrender">
				<default-value>false</default-value>
			</property>
			<property name="textcss" />
		</property-list>
	</component-descriptor>

	<component-descriptor name="textarea" instance-class="psdi.webclient.components.TextArea">
		<property-list>
			<property name="jsp-filename">
				<default-value>textarea</default-value>
			</property>
			<property name="asyncevents">
				<default-value>setvalue</default-value>
			</property>
			<property name="attributename" />
			<property name="borderalways">
				<flag name="final" />
				<default-value>false</default-value>
			</property>
			<property name="columnname" />
			<property name="columns" />
			<property name="columnscale">
				<default-value>10</default-value>
			</property>
			<property name="cssclass" />
			<property name="dataattribute" />
			<property name="defaultrender">
				<default-value>true</default-value>
			</property>
			<property name="escapeampersand">
				<default-value>false</default-value>
			</property>
			<property name="entityname" />
			<property name="extendedtooltip" />
			<property name="focuslocation">
				<default-value>end</default-value>
			</property>
			<property name="haslongdescription" />
			<property name="hidetooltip">
				<default-value>true</default-value>
			</property>
			<property name="hidewhen" />
			<property name="id">
				<flag name="final" />
			</property>
			<property name="input">
				<flag name="final" />
				<default-value>true</default-value>
			</property>
			<property name="inputmode" />
			<property name="instance-class" />
			<property name="internalvalue">
				<flag name="system" />
				<default-value>true</default-value>
			</property>
			<property name="inttype" />
			<property name="isnumeric" />
			<property name="ispersistent" />
			<property name="isunbound">
				<flag name="final" />
				<default-value>false</default-value>
			</property>
			<property name="length" />
			<property name="notifyportlets">
				<default-value>false</default-value>
			</property>
			<property name="objectname" />
            <property name="rechover"/>
            <property name="rechoverattribute"/>
			<property name="remarks" />
			<property name="resizeable">
				<default-value>false</default-value>
			</property>
			<property name="rows" />
			<property name="rowscale">
				<default-value>20</default-value>
			</property>
			<property name="scale" />
			<property name="selectonfocus" />
			<property name="size" />
			<property name="synchronous">
				<flag name="final" />
				<default-value>true</default-value>
			</property>
			<property name="takesfocus">
				<default-value>true</default-value>
			</property>
            <property name="takesvalue">
             <default-value>true</default-value>
            </property>
			<property name="title" />
			<property name="value" />
			<property name="visible">
				<default-value>true</default-value>
			</property>
			<property name="width" />
			<property name="height" />
			<property name="textcss" />
			<property name="holderid" />
		</property-list>
	</component-descriptor>

	<component-descriptor name="textbox" instance-class="${package}.controller.BoundComponentInstance">
		<property-list>
			<property name="jsp-filename">
				<default-value>textbox</default-value>
			</property>
			<property name="id">
				<flag name="final" />
			</property>
			<property name="asyncevents">
				<default-value>setvalue</default-value>
			</property>
			<property name="synchronous">
				<flag name="final" />
				<default-value>true</default-value>
			</property>
			<property name="alwaysinclude">
				<default-value>false</default-value>
			</property>
			<property name="erroricon">
				<default-value>true</default-value>
			</property>
			<property name="internalvalue">
				<flag name="system" />
				<default-value>true</default-value>
			</property>
			<property name="visible">
				<default-value>true</default-value>
			</property>
			<property name="dataattribute" />
            <property name="rechover"/>
            <property name="rechoverattribute"/>
			<property name="remarks" />
			<property name="usereditable">
				<default-value>true</default-value>
			</property>
			<property name="title" />
			<property name="prepend" />
			<property name="width" />
			<property name="length" />
			<property name="numericonly" />
			<property name="scale" />
			<property name="isnumeric" />
			<property name="haslongdescription" />
			<property name="size" />
			<property name="inttype" />
			<property name="hidewhen" />
			<property name="ispersistent" />
			<property name="entityname" />
			<property name="objectname" />
			<property name="attributename" />
			<property name="columnname" />
			<property name="cssclass" />
			<property name="extendedtooltip" />
			<property name="tablereadonly" />
			<property name="onfilterrow" />
			<property name="inputmode" />
			<property name="value" />
			<property name="valuepart" />
			<property name="instance-class" />
			<property name="defaultbutton" />
			<property name="lookup" />
			<property name="menutype" />
			<property name="msggroup" />
			<property name="msgkey" />
			<property name="notifyportlets">
				<default-value>false</default-value>
			</property>
			<property name="longdesc" />
			<property name="longdescreadonly" />
			<property name="rownum">
				<flag name="system" />
			</property>
			<property name="hidetooltip">
				<default-value>false</default-value>
			</property>
			<property name="input">
				<flag name="final" />
				<default-value>true</default-value>
			</property>
			<property name="borderalways">
				<flag name="final" />
				<default-value>false</default-value>
			</property>
			<property name="isunbound">
				<flag name="final" />
				<default-value>false</default-value>
			</property>
			<property name="takesfocus">
				<default-value>true</default-value>
			</property>
			<property name="selected" />
			<property name="forceclear" />
			<property name="defaultrender">
				<default-value>true</default-value>
			</property>
			<property name="usefieldsizegroup" />
			<property name="textcss" />
			<property name="tabindex" />
			<property name="numericalignment">
				<default-value>true</default-value>
			</property>
			<property name="staticname" />
            <property name="takesvalue">
             <default-value>true</default-value>
            </property>
		</property-list>
	</component-descriptor>

	<component-descriptor name="titlebar">
		<property-list>
			<property name="jsp-filename">
				<default-value>titlebar</default-value>
			</property>
			<property name="alwaysinclude">
				<default-value>true</default-value>
			</property>
			<property name="cssclass" />
			<property name="defaultrender">
				<default-value>true</default-value>
			</property>
			<property name="height" />
			<property name="hidewhen" />
			<property name="homebutton" />
			<property name="id">
				<flag name="final" />
			</property>
			<property name="visible">
				<default-value>true</default-value>
			</property>
			<property name="textcss" />
		</property-list>
	</component-descriptor>

	<component-descriptor name="toggleimage" instance-class="psdi.webclient.components.ToggleImage">
		<property-list>
			<property name="jsp-filename">
				<default-value>toggleimage</default-value>
			</property>
			<property name="alwaysinclude">
				<default-value>true</default-value>
			</property>
			<property name="align" />
			<property name="applink" />
			<property name="asyncevents">
				<default-value>setvalue</default-value>
			</property>
			<property name="clickablestate" />
			<property name="cssclass" />
			<property name="dataattribute" />
			<property name="defaultrender">
				<default-value>true</default-value>
			</property>
			<property name="descdataattribute" />
			<property name="display">
				<default-value>block</default-value>
			</property>
			<property name="falseactive">
				<default-value>false</default-value>
			</property>
			<property name="height" />
			<property name="hidewhen" />
			<property name="id">
				<flag name="final" />
			</property>
			<property name="instance-class" />
			<property name="labelfalse" />
			<property name="labeltrue" />
			<property name="msgreplace" />
			<property name="lookup" />
			<property name="longdesc" />
			<property name="menutype" />
			<property name="msgfalse" />
			<property name="msgtrue" />
			<property name="mxevent" />
			<property name="onfilterrow" />
			<property name="showlabel">
				<default-value>false</default-value>
			</property>
			<property name="srcfalse">
				<default-value>blank.gif</default-value>
			</property>
			<property name="srctrue">
				<default-value>blank.gif</default-value>
			</property>
			<property name="setsfocus">
				<default-value>true</default-value>
			</property>
			<property name="statecheck" />
			<property name="synchronous">
				<flag name="final" />
				<default-value>true</default-value><!--  keep this true, most of the time we want it to be sync, but for sections expand/collapse we want it to be async -->
			</property>
			<property name="tablereadonly" />
			<property name="targetid" />
			<property name="tooltip">
				<default-value>true</default-value>
			</property>
			<property name="visible">
				<default-value>true</default-value>
			</property>
			<property name="width" />
			<property name="textcss" />
		</property-list>
	</component-descriptor>

	<component-descriptor name="toolbar">
		<property-list>
			<property name="jsp-filename">
				<default-value>toolbar</default-value>
			</property>
			<property name="alwaysinclude">
				<default-value>false</default-value>
			</property>
			<property name="cellspacing" />
            <property name="childrendertype">
				<default-value>controls</default-value>
            </property>
			<property name="cssclass" />
			<property name="defaultrender">
				<default-value>true</default-value>
			</property>
			<property name="designonly" />
			<property name="id">
				<flag name="final" />
			</property>
			<property name="layout" />
			<property name="rendercomponents" />
			<property name="visible">
				<default-value>true</default-value>
			</property>
			<property name="width" />
			<property name="textcss" />
		</property-list>
	</component-descriptor>

	<component-descriptor name="toolbaractions">
		<property-list>
			<property name="jsp-filename">
				<default-value>toolbaractions</default-value>
			</property>
            <property name="childrendertype">
				<default-value>controls</default-value>
            </property>
			<property name="cssclass" />
			<property name="defaultimage" />
			<property name="defaultrender">
				<default-value>false</default-value>
			</property>
			<property name="emptyset" />
			<property name="id">
				<flag name="final" />
			</property>
			<property name="keyattribute" />
			<property name="label" />
			<property name="mboname" />
			<property name="mxevent" />
			<property name="npmboname" />
			<property name="src" />
			<property name="visible">
				<default-value>true</default-value>
			</property>
			<property name="visibleicons" />
			<property name="textcss" />
		</property-list>
	</component-descriptor>

	<component-descriptor name="toolbarbutton">
		<property-list>
			<property name="jsp-filename">
				<default-value>toolbarbutton</default-value>
			</property>
			<property name="alwaysinclude">
				<default-value>true</default-value>
			</property>
			<property name="id">
				<flag name="final" />
			</property>
			<property name="cssclass" />
			<property name="defaultrender">
				<default-value>true</default-value>
			</property>
			<property name="eventvalue" />
			<property name="image" />
			<property name="instance-class" />
			<property name="mxevent" />
            <property name="needsdivwrapper">
				<default-value>false</default-value>
            </property>
			<property name="src" />
			<property name="visible">
				<default-value>true</default-value>
			</property>
			<property name="textcss" />
		</property-list>
	</component-descriptor>

	<component-descriptor name="tree">
		<property-list>
			<property name="jsp-filename">
				<default-value>tree</default-value>
			</property>
			<property name="alwaysinclude" />
			<property name="beanclass" />
			<property name="cssclass" />
			<property name="dataattribute" />
			<property name="datasrc" />
			<property name="defaultrender">
				<default-value>false</default-value>
			</property>
			<property name="expandallnodes" />
			<property name="height" />
			<property name="id">
				<flag name="final" />
			</property>
			<property name="includeuistatus">
				<default-value>true</default-value>
			</property>
			<property name="keyattribute" />
			<property name="keyvalue" />
			<property name="label" />
			<property name="maxchildren" />
			<property name="mboname" />
			<property name="objectname" />
			<property name="openfirstlevel" />
			<property name="parentdatasrc" />
			<property name="relationship" />
			<property name="restrictactionon" />
			<property name="returnattribute" />
			<property name="selectfirstnode" />
			<property name="selectimage" />
			<property name="supportmarkedfordelete" />
			<property name="usedatasrc" />
			<property name="visible">
				<default-value>true</default-value>
			</property>
			<property name="width" />
			<property name="textcss" />
		</property-list>
	</component-descriptor>

	<component-descriptor name="treenode">
		<property-list>
			<property name="jsp-filename">
				<default-value>treenode</default-value>
			</property>
			<property name="alwaysinclude">
				<default-value>true</default-value>
			</property>
			<property name="collapsedimage" />
			<property name="cssclass" />
			<property name="dataattribute">
				<flag name="final" />
			</property>
			<property name="defaultrender">
				<default-value>false</default-value>
			</property>
			<property name="displaykeyattribute" />
			<property name="displaynodeimage" />
			<property name="displayobjectname" />
			<property name="enablereturn" />
			<property name="enableselectnode" />
			<property name="expandallnodes" />
			<property name="expandedimage" />
			<property name="expandonselect" />
			<property name="id">
				<flag name="final" />
			</property>
			<property name="image" />
			<property name="includeuistatus">
				<default-value>true</default-value>
			</property>
			<property name="isfakenode" />
			<property name="keyattribute" />
			<property name="keyvalue" />
			<property name="label" />
			<property name="maxchildren" />
			<property name="nochildrenimage" />
			<property name="nodeevent" />
			<property name="nodeimageevent" />
			<property name="objectname" />
			<property name="overflowimage" />
			<property name="returnattribute" />
			<property name="restrictactionon" />
			<property name="selectimage" />
			<property name="takesfocus">
				<default-value>true</default-value>
			</property>
			<property name="toggleevent" />
			<property name="visible">
				<default-value>true</default-value>
			</property>
			<property name="waitimage" />
			<property name="textcss" />
		</property-list>
	</component-descriptor>

	<component-descriptor name="treeattribute">
		<property-list>
			<property name="jsp-filename">
				<default-value>treeattribute</default-value>
			</property>
			<property name="id">
				<flag name="final" />
			</property>
			<property name="label" />
			<property name="textcss" />
		</property-list>
	</component-descriptor>

	<component-descriptor name="uistatusindicator" instance-class="psdi.webclient.components.UIStatusIndicator">
		<property-list>
			<property name="alwaysinclude">
				<default-value>true</default-value>
			</property>
			<property name="defaultrender">
				<default-value>true</default-value>
			</property>
			<property name="jsp-filename">
				<default-value>uistatusindicator</default-value>
			</property>
			<property name="id">
				<flag name="final" />
			</property>
			<property name="visible">
				<default-value>true</default-value>
			</property>
			<property name="cssclass" />
			<property name="createindesignonly" />
			<property name="propertychecks">
				<default-value>sigoption,any,conditionapplied.png;</default-value>
			</property>
		</property-list>
	</component-descriptor>

	<component-descriptor name="wfcanvas">
		<property-list>
			<property name="jsp-filename">
				<default-value>wfcanvas</default-value>
			</property>
			<property name="id">
				<flag name="final" />
			</property>
			<property name="datasrc">
				<flag name="global" />
			</property>
			<property name="archive" />
			<property name="label">
				<flag name="translatable" />
			</property>
			<property name="actiondatasrc" />
			<property name="placeholder" />
			<property name="width" />
			<property name="height" />
			<property name="classid" />
			<property name="codebase" />
			<property name="nodedatasrc" />
			<property name="code" />
			<property name="dataattribute" />
			<property name="display">
				<flag name="global" />
				<default-value>true</default-value>
			</property>
			<property name="defaultrender">
				<default-value>false</default-value>
			</property>
			<property name="textcss" />
		</property-list>
	</component-descriptor>

	<component-descriptor name="wfmap">
		<property-list>
			<property name="jsp-filename">
				<default-value>wfmap</default-value>
			</property>
			<property name="id">
				<flag name="final" />
			</property>
			<property name="alwaysinclude">
				<default-value>true</default-value>
			</property>
			<property name="height" />
			<property name="width" />
			<property name="textcss" />
		</property-list>
	</component-descriptor>

	<component-descriptor name="oslcinteraction" instance-class="com.ibm.tivoli.maximo.oslc.consumer.webclient.component.OslcInteractionComponent">
		<property-list>
			<property name="jsp-filename">
				<default-value>oslcinteraction</default-value>
			</property>
			<property name="dataattribute">
				<flag name="final" />
			</property>
			<property name="datasrc">
				<flag name="global" />
			</property>
			<property name="display">
				<flag name="global" />
				<default-value>true</default-value>
			</property>
			<property name="id">
				<flag name="final" />
			</property>
			<property name="textcss">
				<flag name="global" />
				<flag name="final" />
				<default-value>text</default-value>
			</property>
			<property name="width" />
			<property name="height" />
			<property name="interactiontype" />
		</property-list>
	</component-descriptor>

</component-registry>