<?xml version="1.0" encoding="UTF-8" standalone="yes"?><QueryMXCRONHISTResponse><CRONTASKHISTORY><ACTIVITY>ACTION</ACTIVITY><CRONTASKHISTORYID>6093288</CRONTASKHISTORYID><CRONTASKNAME>PMWoGenCronTask</CRONTASKNAME><ENDTIME>2012-04-20T02:32:26-03:00</ENDTIME><INSTANCENAME>CMTL</INSTANCENAME><RUNTIMEERROR></RUNTIMEERROR><SEQUENCE>231</SEQUENCE><SERVERHOST>10.152.47.5</SERVERHOST><SERVERNAME>MXServerESC1</SERVERNAME><STARTTIME>2012-04-20T02:01:13-03:00</STARTTIME></CRONTASKHISTORY></QueryMXCRONHISTResponse>