<?xml version="1.0" encoding="UTF-8" standalone="yes"?>
<max:CRONTASKHISTORY xmlns:max="http://www.ibm.com/maximo">
	<max:ACTIVITY>ACTION</max:ACTIVITY>
	<max:CRONTASKHISTORYID>6093288</max:CRONTASKHISTORYID>
	<max:CRONTASKNAME>PMWoGenCronTask</max:CRONTASKNAME>
	<max:ENDTIME>2017-04-12T15:13:26-03:00</max:ENDTIME>
	<max:INSTANCENAME>CMTL</max:INSTANCENAME>
	<max:RUNTIMEERROR></max:RUNTIMEERROR>
	<max:SEQUENCE>231</max:SEQUENCE>
	<max:SERVERHOST>10.152.47.5</max:SERVERHOST>
	<max:SERVERNAME>MXServerESC1</max:SERVERNAME>
	<max:STARTTIME>2012-04-20T02:01:13-03:00</max:STARTTIME>
</max:CRONTASKHISTORY>