<?xml version="1.0" encoding="UTF-8"?>
<QueryMXESCALATIONResponse 
    xmlns="http://www.ibm.com/maximo" 
    xmlns:xsi="http://www.w3.org/2001/XMLSchema-instance" creationDateTime="2013-12-12T12:02:26-02:00" transLanguage="PT" baseLanguage="PT" messageID="1386856946030830845" maximoVersion="7 1 20120709-1611 V71111-19" rsStart="0" rsCount="54" rsTotal="54">
    <MXESCALATIONSet>
        <ESCALATION>
            <ACTIVE>1</ACTIVE>
            <ESCALATION>FIC_OCULTATTI</ESCALATION>
            <INSTANCENAME>ESCFIC_OCULTATTI</INSTANCENAME>
            <LASTRUN>2013-12-12T11:53:31-02:00</LASTRUN>
            <OBJECTNAME>WORKORDER</OBJECTNAME>
            <SCHEDULE>10m,*,*,*,*,*,*,*,*,*</SCHEDULE>
        </ESCALATION>
        <ESCALATION>
            <ACTIVE>1</ACTIVE>
            <ESCALATION>FIC_RECEBITECRT</ESCALATION>
            <INSTANCENAME>ESCFIC_RECEBITECRT</INSTANCENAME>
            <LASTRUN>2013-12-12T02:00:03-02:00</LASTRUN>
            <OBJECTNAME>WORKORDER</OBJECTNAME>
            <SCHEDULE>1d,0,0,2,*,*,*,*,*,*</SCHEDULE>
        </ESCALATION>
        <ESCALATION>
            <ACTIVE>1</ACTIVE>
            <ESCALATION>FIC_RPI</ESCALATION>
            <INSTANCENAME>ESCFIC_RPI</INSTANCENAME>
            <LASTRUN>2013-12-12T12:00:39-02:00</LASTRUN>
            <OBJECTNAME>WORKORDER</OBJECTNAME>
            <SCHEDULE>1h,*,0,*,*,*,*,*,*,*</SCHEDULE>
        </ESCALATION>
        <ESCALATION>
            <ACTIVE>1</ACTIVE>
            <ESCALATION>FIC_RPI2</ESCALATION>
            <INSTANCENAME>ESCFIC_RPI2</INSTANCENAME>
            <LASTRUN>2013-12-12T12:00:40-02:00</LASTRUN>
            <OBJECTNAME>WORKORDER</OBJECTNAME>
            <SCHEDULE>30m,*,*,*,*,*,*,*,*,*</SCHEDULE>
        </ESCALATION>
        <ESCALATION>
            <ACTIVE>1</ACTIVE>
            <ESCALATION>FIC_SAPESCAL</ESCALATION>
            <INSTANCENAME>ESCFIC_SAPESCAL</INSTANCENAME>
            <LASTRUN>2013-12-12T01:00:02-02:00</LASTRUN>
            <OBJECTNAME>LOCATIONS</OBJECTNAME>
            <SCHEDULE>1d,0,0,1,*,*,*,*,*,*</SCHEDULE>
        </ESCALATION>
        <ESCALATION>
            <ACTIVE>1</ACTIVE>
            <ESCALATION>FIC_STATUS_ENTR</ESCALATION>
            <INSTANCENAME>ESCFIC_STATUS_ENTR</INSTANCENAME>
            <LASTRUN>2013-12-12T02:00:03-02:00</LASTRUN>
            <OBJECTNAME>WARRANTYVIEW</OBJECTNAME>
            <SCHEDULE>1d,0,0,2,*,*,*,*,*,*</SCHEDULE>
        </ESCALATION>
        <ESCALATION>
            <ACTIVE>1</ACTIVE>
            <ESCALATION>FIC_TAP_FVI</ESCALATION>
            <INSTANCENAME>ESCFIC_TAP_FVI</INSTANCENAME>
            <LASTRUN>2013-12-12T11:58:33-02:00</LASTRUN>
            <OBJECTNAME>WORKORDER</OBJECTNAME>
            <SCHEDULE>5m,*,*,*,*,*,*,*,*,*</SCHEDULE>
        </ESCALATION>
        <ESCALATION>
            <ACTIVE>1</ACTIVE>
            <ESCALATION>FIC_ATIVAPRV</ESCALATION>
            <INSTANCENAME>ESCFIC_ATIVAPRV</INSTANCENAME>
            <LASTRUN>2013-12-12T12:01:31-02:00</LASTRUN>
            <OBJECTNAME>PM</OBJECTNAME>
            <SCHEDULE>5m,*,*,*,*,*,*,*,*,*</SCHEDULE>
        </ESCALATION>
        <ESCALATION>
            <ACTIVE>1</ACTIVE>
            <ESCALATION>FIC_FVM01</ESCALATION>
            <INSTANCENAME>ESCFIC_FVM01</INSTANCENAME>
            <LASTRUN>2013-12-12T12:01:36-02:00</LASTRUN>
            <OBJECTNAME>WORKORDER</OBJECTNAME>
            <SCHEDULE>2m,*,*,*,*,*,*,*,*,*</SCHEDULE>
        </ESCALATION>
        <ESCALATION>
            <ACTIVE>1</ACTIVE>
            <ESCALATION>FIC_FVM02</ESCALATION>
            <INSTANCENAME>ESCFIC_FVM02</INSTANCENAME>
            <LASTRUN>2013-12-12T11:58:37-02:00</LASTRUN>
            <OBJECTNAME>WORKORDER</OBJECTNAME>
            <SCHEDULE>5m,*,*,*,*,*,*,*,*,*</SCHEDULE>
        </ESCALATION>
        <ESCALATION>
            <ACTIVE>1</ACTIVE>
            <ESCALATION>FIC_CCMEC006</ESCALATION>
            <INSTANCENAME>ESCFIC_CCMEC006</INSTANCENAME>
            <LASTRUN>2013-12-12T07:30:06-02:00</LASTRUN>
            <OBJECTNAME>WORKORDER</OBJECTNAME>
            <SCHEDULE>1d,0,30,7,*,*,*,*,*,*</SCHEDULE>
        </ESCALATION>
        <ESCALATION>
            <ACTIVE>1</ACTIVE>
            <ESCALATION>FIC_CCMEC003</ESCALATION>
            <INSTANCENAME>ESCFIC_CCMEC003</INSTANCENAME>
            <LASTRUN>2013-12-12T11:53:27-02:00</LASTRUN>
            <OBJECTNAME>WORKORDER</OBJECTNAME>
            <SCHEDULE>10m,*,*,*,*,*,*,*,*,*</SCHEDULE>
        </ESCALATION>
        <ESCALATION>
            <ACTIVE>1</ACTIVE>
            <ESCALATION>FIC_NOTIFTRO</ESCALATION>
            <INSTANCENAME>ESCFIC_NOTIFTRO</INSTANCENAME>
            <LASTRUN>2013-12-12T06:00:04-02:00</LASTRUN>
            <OBJECTNAME>SR</OBJECTNAME>
            <SCHEDULE>1d,0,0,6,*,*,*,*,*,*</SCHEDULE>
        </ESCALATION>
        <ESCALATION>
            <ACTIVE>1</ACTIVE>
            <ESCALATION>FIC_CCMEC001</ESCALATION>
            <INSTANCENAME>ESCFIC_CCMEC001</INSTANCENAME>
            <LASTRUN>2013-12-12T11:58:31-02:00</LASTRUN>
            <OBJECTNAME>LOCATIONS</OBJECTNAME>
            <SCHEDULE>5m,*,*,*,*,*,*,*,*,*</SCHEDULE>
        </ESCALATION>
        <ESCALATION>
            <ACTIVE>1</ACTIVE>
            <ESCALATION>FIC_GERATRO</ESCALATION>
            <INSTANCENAME>ESCFIC_GERATRO</INSTANCENAME>
            <LASTRUN>2013-12-12T05:00:04-02:00</LASTRUN>
            <OBJECTNAME>LOCATIONS</OBJECTNAME>
            <SCHEDULE>1d,0,0,5,*,*,*,*,*,*</SCHEDULE>
        </ESCALATION>
        <ESCALATION>
            <ACTIVE>1</ACTIVE>
            <ESCALATION>FIC_CCMEC004</ESCALATION>
            <INSTANCENAME>ESCFIC_CCMEC004</INSTANCENAME>
            <LASTRUN>2013-12-12T11:58:28-02:00</LASTRUN>
            <OBJECTNAME>WORKORDER</OBJECTNAME>
            <SCHEDULE>5m,*,*,*,*,*,*,*,*,*</SCHEDULE>
        </ESCALATION>
        <ESCALATION>
            <ACTIVE>1</ACTIVE>
            <ESCALATION>FIC_CCMEC005</ESCALATION>
            <INSTANCENAME>ESCFIC_CCMEC005</INSTANCENAME>
            <LASTRUN>2013-12-12T07:00:05-02:00</LASTRUN>
            <OBJECTNAME>WORKORDER</OBJECTNAME>
            <SCHEDULE>1d,0,0,7,*,*,*,*,*,*</SCHEDULE>
        </ESCALATION>
        <ESCALATION>
            <ACTIVE>1</ACTIVE>
            <ESCALATION>FIC_FVIEC001</ESCALATION>
            <INSTANCENAME>ESCFIC_FVIEC001</INSTANCENAME>
            <LASTRUN>2013-12-12T00:00:03-02:00</LASTRUN>
            <OBJECTNAME>WORKORDER</OBJECTNAME>
            <SCHEDULE>1d,0,0,0,*,*,*,*,*,*</SCHEDULE>
        </ESCALATION>
        <ESCALATION>
            <ACTIVE>1</ACTIVE>
            <ESCALATION>FIC_PRV_CLASS</ESCALATION>
            <INSTANCENAME>ESCFIC_PRV_CLASS</INSTANCENAME>
            <LASTRUN>2013-12-12T05:00:04-02:00</LASTRUN>
            <OBJECTNAME>WORKORDER</OBJECTNAME>
            <SCHEDULE>1d,0,0,5,*,*,*,*,*,*</SCHEDULE>
        </ESCALATION>
        <ESCALATION>
            <ACTIVE>1</ACTIVE>
            <ESCALATION>NOTIFICJVM</ESCALATION>
            <INSTANCENAME>ESCNOTIFICJVM</INSTANCENAME>
            <LASTRUN>2013-12-12T12:00:37-02:00</LASTRUN>
            <OBJECTNAME>MAXSESSION</OBJECTNAME>
            <SCHEDULE>1h,*,0,*,*,*,*,*,*,*</SCHEDULE>
        </ESCALATION>
        <ESCALATION>
            <ACTIVE>1</ACTIVE>
            <ESCALATION>FIC_NOTIFATF</ESCALATION>
            <INSTANCENAME>ESCFIC_NOTIFATF</INSTANCENAME>
            <LASTRUN>2013-12-12T03:00:03-02:00</LASTRUN>
            <OBJECTNAME>SR</OBJECTNAME>
            <SCHEDULE>1d,0,0,3,*,*,*,*,*,*</SCHEDULE>
        </ESCALATION>
        <ESCALATION>
            <ACTIVE>1</ACTIVE>
            <ESCALATION>FIC_GERAATF</ESCALATION>
            <INSTANCENAME>ESCFIC_GERAATF</INSTANCENAME>
            <LASTRUN>2013-12-12T11:58:29-02:00</LASTRUN>
            <OBJECTNAME>LOCATIONS</OBJECTNAME>
            <SCHEDULE>5m,*,*,*,*,*,*,*,*,*</SCHEDULE>
        </ESCALATION>
        <ESCALATION>
            <ACTIVE>1</ACTIVE>
            <ESCALATION>FIC_TAP_FVM</ESCALATION>
            <INSTANCENAME>ESCFIC_TAP_FVM</INSTANCENAME>
            <LASTRUN>2013-12-12T11:58:29-02:00</LASTRUN>
            <OBJECTNAME>WORKORDER</OBJECTNAME>
            <SCHEDULE>5m,*,*,*,*,*,*,*,*,*</SCHEDULE>
        </ESCALATION>
        <ESCALATION>
            <ACTIVE>1</ACTIVE>
            <ESCALATION>FIC_TTASEC001</ESCALATION>
            <INSTANCENAME>ESCFIC_TTASEC001</INSTANCENAME>
            <LASTRUN>2013-12-12T11:58:27-02:00</LASTRUN>
            <OBJECTNAME>LOCATIONS</OBJECTNAME>
            <SCHEDULE>5m,*,*,*,*,*,*,*,*,*</SCHEDULE>
        </ESCALATION>
        <ESCALATION>
            <ACTIVE>1</ACTIVE>
            <ESCALATION>FIC_TTASEC003</ESCALATION>
            <INSTANCENAME>ESCFIC_TTASEC003</INSTANCENAME>
            <LASTRUN>2013-12-12T12:01:25-02:00</LASTRUN>
            <OBJECTNAME>WORKORDER</OBJECTNAME>
            <SCHEDULE>4m,*,*,*,*,*,*,*,*,*</SCHEDULE>
        </ESCALATION>
        <ESCALATION>
            <ACTIVE>1</ACTIVE>
            <ESCALATION>FIC_TTASEC004</ESCALATION>
            <INSTANCENAME>ESCFIC_TTASEC004</INSTANCENAME>
            <LASTRUN>2013-12-12T12:00:31-02:00</LASTRUN>
            <OBJECTNAME>WORKORDER</OBJECTNAME>
            <SCHEDULE>7m,*,*,*,*,*,*,*,*,*</SCHEDULE>
        </ESCALATION>
        <ESCALATION>
            <ACTIVE>1</ACTIVE>
            <ESCALATION>FIC_TTASEC005</ESCALATION>
            <INSTANCENAME>ESCFIC_TTASEC005</INSTANCENAME>
            <LASTRUN>2013-12-12T07:30:04-02:00</LASTRUN>
            <OBJECTNAME>WORKORDER</OBJECTNAME>
            <SCHEDULE>1d,0,45,7,*,*,*,*,*,*</SCHEDULE>
        </ESCALATION>
        <ESCALATION>
            <ACTIVE>1</ACTIVE>
            <ESCALATION>FIC_TTASEC006</ESCALATION>
            <INSTANCENAME>ESCFIC_TTASEC006</INSTANCENAME>
            <LASTRUN>2013-12-12T07:30:04-02:00</LASTRUN>
            <OBJECTNAME>WORKORDER</OBJECTNAME>
            <SCHEDULE>1d,0,0,8,*,*,*,*,*,*</SCHEDULE>
        </ESCALATION>
        <ESCALATION>
            <ACTIVE>1</ACTIVE>
            <ESCALATION>FIC_TTI_FLAGS</ESCALATION>
            <INSTANCENAME>ESCFIC_TTI_FLAGS</INSTANCENAME>
            <LASTRUN>2013-12-12T11:52:59-02:00</LASTRUN>
            <OBJECTNAME>WORKORDER</OBJECTNAME>
            <SCHEDULE>5m,*,*,*,*,*,*,*,*,*</SCHEDULE>
        </ESCALATION>
        <ESCALATION>
            <ACTIVE>1</ACTIVE>
            <ESCALATION>FIC_TAP2EXEC</ESCALATION>
            <INSTANCENAME>ESCFIC_TAP2EXEC</INSTANCENAME>
            <LASTRUN>2013-12-12T11:58:29-02:00</LASTRUN>
            <OBJECTNAME>WORKORDER</OBJECTNAME>
            <SCHEDULE>5m,*,*,*,*,*,*,*,*,*</SCHEDULE>
        </ESCALATION>
        <ESCALATION>
            <ACTIVE>1</ACTIVE>
            <ESCALATION>FIC_TAP2VEN30</ESCALATION>
            <INSTANCENAME>ESCFIC_TAP2VEN30</INSTANCENAME>
            <LASTRUN>2013-12-12T08:30:07-02:00</LASTRUN>
            <OBJECTNAME>WORKORDER</OBJECTNAME>
            <SCHEDULE>1d,0,15,7,*,*,*,*,*,*</SCHEDULE>
        </ESCALATION>
        <ESCALATION>
            <ACTIVE>1</ACTIVE>
            <ESCALATION>FIC_TAPESGOTOU</ESCALATION>
            <INSTANCENAME>ESCFIC_TAPESGOTOU</INSTANCENAME>
            <LASTRUN>2013-12-12T06:40:04-02:00</LASTRUN>
            <OBJECTNAME>WORKORDER</OBJECTNAME>
            <SCHEDULE>1d,0,40,6,*,*,*,*,*,*</SCHEDULE>
        </ESCALATION>
        <ESCALATION>
            <ACTIVE>1</ACTIVE>
            <ESCALATION>FIC_TAPEXEC</ESCALATION>
            <INSTANCENAME>ESCFIC_TAPEXEC</INSTANCENAME>
            <LASTRUN>2013-12-12T12:01:31-02:00</LASTRUN>
            <OBJECTNAME>WORKORDER</OBJECTNAME>
            <SCHEDULE>2m,*,*,*,*,*,*,*,*,*</SCHEDULE>
        </ESCALATION>
        <ESCALATION>
            <ACTIVE>1</ACTIVE>
            <ESCALATION>FIC_TAPGERA</ESCALATION>
            <INSTANCENAME>ESCFIC_TAPGERA</INSTANCENAME>
            <LASTRUN>2013-12-12T11:58:27-02:00</LASTRUN>
            <OBJECTNAME>LOCATIONS</OBJECTNAME>
            <SCHEDULE>5m,*,*,*,*,*,*,*,*,*</SCHEDULE>
        </ESCALATION>
        <ESCALATION>
            <ACTIVE>1</ACTIVE>
            <ESCALATION>FIC_TAPPEND</ESCALATION>
            <INSTANCENAME>ESCFIC_TAPPEND</INSTANCENAME>
            <LASTRUN>2013-12-12T11:58:29-02:00</LASTRUN>
            <OBJECTNAME>WORKORDER</OBJECTNAME>
            <SCHEDULE>5m,*,*,*,*,*,*,*,*,*</SCHEDULE>
        </ESCALATION>
        <ESCALATION>
            <ACTIVE>1</ACTIVE>
            <ESCALATION>FIC_TAPSISPEN</ESCALATION>
            <INSTANCENAME>ESCFIC_TAPSISPEN</INSTANCENAME>
            <LASTRUN>2013-12-12T11:59:50-02:00</LASTRUN>
            <OBJECTNAME>LOCATIONS</OBJECTNAME>
            <SCHEDULE>2m,*,*,*,*,*,*,*,*,*</SCHEDULE>
        </ESCALATION>
        <ESCALATION>
            <ACTIVE>1</ACTIVE>
            <ESCALATION>FIC_TAPVEN30</ESCALATION>
            <INSTANCENAME>ESCFIC_TAPVEN30</INSTANCENAME>
            <LASTRUN>2013-12-12T06:00:04-02:00</LASTRUN>
            <OBJECTNAME>WORKORDER</OBJECTNAME>
            <SCHEDULE>1d,0,00,7,*,*,*,*,*,*</SCHEDULE>
        </ESCALATION>
        <ESCALATION>
            <ACTIVE>1</ACTIVE>
            <ESCALATION>ESCBLTNEXP</ESCALATION>
            <INSTANCENAME>ESCESCBLTNEXP</INSTANCENAME>
            <LASTRUN>2010-04-08T14:00:58-03:00</LASTRUN>
            <OBJECTNAME>BULLETINBOARD</OBJECTNAME>
            <SCHEDULE>24h,*,0,*,*,*,*,*,*,*</SCHEDULE>
        </ESCALATION>
        <ESCALATION>
            <ACTIVE>1</ACTIVE>
            <ESCALATION>FIC_TAP_PRED</ESCALATION>
            <INSTANCENAME>ESCFIC_TAP_PRED</INSTANCENAME>
            <LASTRUN>2013-12-12T11:58:33-02:00</LASTRUN>
            <OBJECTNAME>WORKORDER</OBJECTNAME>
            <SCHEDULE>5m,*,*,*,*,*,*,*,*,*</SCHEDULE>
        </ESCALATION>
        <ESCALATION>
            <ACTIVE>1</ACTIVE>
            <ESCALATION>FIC_LOCHIERARCH</ESCALATION>
            <INSTANCENAME>ESCFIC_LOCHIERARCH</INSTANCENAME>
            <LASTRUN>2013-12-12T10:00:22-02:00</LASTRUN>
            <OBJECTNAME>LOCHIERARCHY</OBJECTNAME>
            <SCHEDULE>4h,*,0,*,*,*,*,*,*,*</SCHEDULE>
        </ESCALATION>
        <ESCALATION>
            <ACTIVE>1</ACTIVE>
            <ESCALATION>KPIREALTIMEUP</ESCALATION>
            <INSTANCENAME>ESCKPIREALTIMEUP</INSTANCENAME>
            <LASTRUN>2013-12-12T11:50:15-02:00</LASTRUN>
            <OBJECTNAME>KPIMAIN</OBJECTNAME>
            <SCHEDULE>1h,*,50,*,*,*,*,*,*,*</SCHEDULE>
        </ESCALATION>
        <ESCALATION>
            <ACTIVE>1</ACTIVE>
            <ESCALATION>FIC_ATFCANC</ESCALATION>
            <INSTANCENAME>ESCFIC_ATFCANC</INSTANCENAME>
            <LASTRUN>2013-12-12T11:58:37-02:00</LASTRUN>
            <OBJECTNAME>SR</OBJECTNAME>
            <SCHEDULE>5m,*,*,*,*,*,*,*,*,*</SCHEDULE>
        </ESCALATION>
        <ESCALATION>
            <ACTIVE>1</ACTIVE>
            <ESCALATION>FIC_GERATTI</ESCALATION>
            <INSTANCENAME>ESCFIC_GERATTI</INSTANCENAME>
            <LASTRUN>2013-12-12T11:58:29-02:00</LASTRUN>
            <OBJECTNAME>LOCATIONS</OBJECTNAME>
            <SCHEDULE>5m,*,*,*,*,*,*,*,*,*</SCHEDULE>
        </ESCALATION>
        <ESCALATION>
            <ACTIVE>1</ACTIVE>
            <ESCALATION>FIC_ITRESSUPRI</ESCALATION>
            <INSTANCENAME>ESCFIC_ITRESSUPRI</INSTANCENAME>
            <LASTRUN>2013-12-11T23:00:02-02:00</LASTRUN>
            <OBJECTNAME>INVENTORY</OBJECTNAME>
            <SCHEDULE>1d,0,0,23,*,*,*,*,*,*</SCHEDULE>
        </ESCALATION>
        <ESCALATION>
            <ACTIVE>1</ACTIVE>
            <ESCALATION>FIC_INATIVA_USER</ESCALATION>
            <INSTANCENAME>ESCFIC_INATIVA_USER</INSTANCENAME>
            <LASTRUN>2013-12-08T13:30:12-02:00</LASTRUN>
            <OBJECTNAME>MAXUSER</OBJECTNAME>
            <SCHEDULE>1w,0,30,13,*,*,*,1,*,*</SCHEDULE>
        </ESCALATION>
        <ESCALATION>
            <ACTIVE>1</ACTIVE>
            <ESCALATION>FIC_ATIVA_USER</ESCALATION>
            <INSTANCENAME>ESCFIC_ATIVA_USER</INSTANCENAME>
            <LASTRUN>2013-12-12T12:00:37-02:00</LASTRUN>
            <OBJECTNAME>MAXUSER</OBJECTNAME>
            <SCHEDULE>1h,*,0,*,*,*,*,*,*,*</SCHEDULE>
        </ESCALATION>
        <ESCALATION>
            <ACTIVE>1</ACTIVE>
            <ESCALATION>FIC_ASSETHIER</ESCALATION>
            <INSTANCENAME>ESCFIC_ASSETHIER</INSTANCENAME>
            <LASTRUN xsi:nil="true"></LASTRUN>
            <OBJECTNAME>ASSETHIERARCHY</OBJECTNAME>
            <SCHEDULE>12h,*,0,*,*,*,*,*,*,*</SCHEDULE>
        </ESCALATION>
        <ESCALATION>
            <ACTIVE>1</ACTIVE>
            <ESCALATION>FIC_ASSETSTATUS</ESCALATION>
            <INSTANCENAME>ESCFIC_ASSETSTATUS</INSTANCENAME>
            <LASTRUN>2013-12-12T12:00:34-02:00</LASTRUN>
            <OBJECTNAME>ASSET</OBJECTNAME>
            <SCHEDULE>1h,*,0,*,*,*,*,*,*,*</SCHEDULE>
        </ESCALATION>
        <ESCALATION>
            <ACTIVE>1</ACTIVE>
            <ESCALATION>FIC_DELASSETLOCK</ESCALATION>
            <INSTANCENAME>ESCFIC_DELASSETLOCK</INSTANCENAME>
            <LASTRUN>2013-12-12T12:01:45-02:00</LASTRUN>
            <OBJECTNAME>FIC_ASSET_LOCK</OBJECTNAME>
            <SCHEDULE>1m,*,*,*,*,*,*,*,*,*</SCHEDULE>
        </ESCALATION>
        <ESCALATION>
            <ACTIVE>1</ACTIVE>
            <ESCALATION>FIC_WFASSIGNMENT</ESCALATION>
            <INSTANCENAME>ESCFIC_WFASSIGNMENT</INSTANCENAME>
            <LASTRUN>2013-12-12T11:58:27-02:00</LASTRUN>
            <OBJECTNAME>WFASSIGNMENT</OBJECTNAME>
            <SCHEDULE>15m,*,*,*,*,*,*,*,*,*</SCHEDULE>
        </ESCALATION>
        <ESCALATION>
            <ACTIVE>1</ACTIVE>
            <ESCALATION>FIC_WFINSTANCE</ESCALATION>
            <INSTANCENAME>ESCFIC_WFINSTANCE</INSTANCENAME>
            <LASTRUN>2013-12-12T11:58:27-02:00</LASTRUN>
            <OBJECTNAME>WFINSTANCE</OBJECTNAME>
            <SCHEDULE>15m,*,*,*,*,*,*,*,*,*</SCHEDULE>
        </ESCALATION>
        <ESCALATION>
            <ACTIVE>1</ACTIVE>
            <ESCALATION>FIC_CCMS_CONC</ESCALATION>
            <INSTANCENAME>ESCFIC_CCMS_CONC</INSTANCENAME>
            <LASTRUN>2013-12-12T11:58:32-02:00</LASTRUN>
            <OBJECTNAME>WORKORDER</OBJECTNAME>
            <SCHEDULE>5m,*,*,*,*,*,*,*,*,*</SCHEDULE>
        </ESCALATION>
        <ESCALATION>
            <ACTIVE>1</ACTIVE>
            <ESCALATION>FIC_LOCANCESTOR</ESCALATION>
            <INSTANCENAME>ESCFIC_LOCANCESTOR</INSTANCENAME>
            <LASTRUN>2013-12-12T12:00:06-02:00</LASTRUN>
            <OBJECTNAME>LOCANCESTOR</OBJECTNAME>
            <SCHEDULE>1d,0,0,12,*,*,*,*,*,*</SCHEDULE>
        </ESCALATION>
        <ESCALATION>
            <ACTIVE>1</ACTIVE>
            <ESCALATION>FIC_LOCHIERARCHY</ESCALATION>
            <INSTANCENAME>ESCFIC_LOCHIERARCHY</INSTANCENAME>
            <LASTRUN>2013-12-12T12:00:06-02:00</LASTRUN>
            <OBJECTNAME>LOCHIERARCHY</OBJECTNAME>
            <SCHEDULE>1d,0,0,12,*,*,*,*,*,*</SCHEDULE>
        </ESCALATION>
    </MXESCALATIONSet>
</QueryMXESCALATIONResponse>
