<?xml version="1.0" encoding="UTF-8" standalone="yes"?>
<max:QueryMXCRONINSTANCE xmlns:max="http://www.ibm.com/maximo">
	<max:MXCRONINSTANCEQuery>
		<max:CRONTASKINSTANCE>
			<max:ACTIVE>1</max:ACTIVE>
			<max:CRONTASKNAME>PMWoGenCronTask</max:CRONTASKNAME>
			<max:INSTANCENAME>CMTL</max:INSTANCENAME>
			<max:MAXUSER>
				<max:DEFSITE>CMTL</max:DEFSITE>
				<max:LOGINID>FICCRONCMTL</max:LOGINID>
				<max:MAXUSERID>364</max:MAXUSERID>
				<max:USERID>FICCRONCMTL</max:USERID>
			</max:MAXUSER>
			<max:CRONTASKPARAM>
				<max:PARAMETER>EMPREENDIMENTO</max:PARAMETER>
				<max:VALUE>UO-SEAL-SA1815</max:VALUE>
			</max:CRONTASKPARAM>
			<max:SCHEDULE>1w,0,0,2,*,*,*,6,*,*</max:SCHEDULE>
		</max:CRONTASKINSTANCE>
	</max:MXCRONINSTANCEQuery>
</max:QueryMXCRONINSTANCE>