<?xml version='1.0' encoding='utf-8'?>

<Context>

    <!-- Default set of monitored resources -->
    <WatchedResource>WEB-INF/web.xml</WatchedResource>

    <!-- Disable session persistence across Tomcat restarts -->
    <Manager pathname="" />


	<Resource name="jdbc/ficDS_DESENV" auth="Container"
              type="javax.sql.DataSource" driverClassName="oracle.jdbc.OracleDriver"
              url="jdbc:oracle:thin:@(DESCRIPTION=(ADDRESS=(PROTOCOL=TCP)(HOST=npaa2360.petrobras.biz)(PORT=1521))(CONNECT_DATA=(SERVICE_NAME=vficd)))"
              username="FIC" password="lkjhgfd_09" 
              maxActive="2" maxIdle="1" maxWait="-1"/>

	<Resource name="jdbc/ficDS_TESTES" auth="Container"
              type="javax.sql.DataSource" driverClassName="oracle.jdbc.OracleDriver"
              url="jdbc:oracle:thin:@(DESCRIPTION=(ADDRESS=(PROTOCOL=TCP)(HOST=npaa2360.petrobras.biz)(PORT=1521))(CONNECT_DATA=(SERVICE_NAME=vficti)))"
              username="FIC" password="ZeAgw6_onZ" 
              maxActive="2" maxIdle="1" maxWait="-1"/>
              
	<Resource name="jdbc/ficDS_HOMOL" auth="Container"
              type="javax.sql.DataSource" driverClassName="oracle.jdbc.OracleDriver"
              url="jdbc:oracle:thin:@(DESCRIPTION=(ADDRESS=(PROTOCOL=TCP)(HOST=npaa2361.petrobras.biz)(PORT=1521))(CONNECT_DATA=(SERVICE_NAME=vfich)))"
              username="FIC" password="awbt3H_hPa" 
              maxActive="2" maxIdle="1" maxWait="-1"/>

	<Resource name="jdbc/ficDS_TREINA" auth="Container"
              type="javax.sql.DataSource" driverClassName="oracle.jdbc.OracleDriver"
              url="jdbc:oracle:thin:@(DESCRIPTION=(ADDRESS=(PROTOCOL=TCP)(HOST=npaa2361.petrobras.biz)(PORT=1521))(CONNECT_DATA=(SERVICE_NAME=vfictr)))"
              username="FIC" password="YeZhw8_onX" 
              maxActive="2" maxIdle="1" maxWait="-1"/>
              
	<Resource name="jdbc/ficDS_PROD" auth="Container"
              type="javax.sql.DataSource" driverClassName="oracle.jdbc.OracleDriver"
              url="jdbc:oracle:thin:@(DESCRIPTION =(ADDRESS_LIST =(ADDRESS = (PROTOCOL = TCP)(HOST = scanficp.petrobras.biz)(PORT = 1521)))(CONNECT_DATA =(SERVER = DEDICATED)(SERVICE_NAME = nficp.petrobras.biz)(FAILOVER_MODE =(TYPE = SESSION)(METHOD = BASIC)(RETRIES = 180)(DELAY = 5))))"
              username="FIC" password="B2DHqf_FUv" 
              maxActive="2" maxIdle="1" maxWait="-1"/>

</Context>
