<?xml version="1.0" encoding="UTF-8"?>
<wls:weblogic-web-app xmlns:wls="http://www.bea.com/ns/weblogic/90" xmlns:xsi="http://www.w3.org/2001/XMLSchema-instance" xsi:schemaLocation="http://www.bea.com/ns/weblogic/90 http://www.bea.com/ns/weblogic/920/weblogic-web-app.xsd http://java.sun.com/xml/ns/j2ee http://java.sun.com/xml/ns/j2ee/web-app_2_4.xsd">
    <wls:weblogic-version>10.0</wls:weblogic-version>
    <wls:context-root>atpf</wls:context-root>
<!--
     <wls:container-descriptor>
        <wls:servlet-reload-check-secs>-1</wls:servlet-reload-check-secs>
        <wls:resource-reload-check-secs>-1</wls:resource-reload-check-secs>
    </wls:container-descriptor>
 -->
</wls:weblogic-web-app>